Node,Code,Phases,NVolt_kV,DemP_kW,DemQ_kVAr,Subest,Feeder,Pinst_kW,Qinst_kVAr,Yearly_kWh,NumCust,
106289641_0  ,106289641_0  ,1 ,0.42 ,23.13 ,11.20 ,sub_6271173a-9d78-4b65-96e8-a680e4caea0e_12.47 ,sub_6271173a-9d78-4b65-96e8-a680e4caea0e_12.47 -> DT0  ,23.13 ,11.20 ,0.00 ,1 ,
106289642_1  ,106289642_1  ,1 ,0.42 ,22.49 ,10.89 ,sub_6271173a-9d78-4b65-96e8-a680e4caea0e_12.47 ,sub_6271173a-9d78-4b65-96e8-a680e4caea0e_12.47 -> DT0  ,22.49 ,10.89 ,0.00 ,1 ,
106289647_2  ,106289647_2  ,1 ,0.42 ,22.54 ,10.92 ,sub_6271173a-9d78-4b65-96e8-a680e4caea0e_12.47 ,sub_6271173a-9d78-4b65-96e8-a680e4caea0e_12.47 -> DT0  ,22.54 ,10.92 ,0.00 ,1 ,
106297261_3  ,106297261_3  ,3 ,0.42 ,36.13 ,17.50 ,sub_6271173a-9d78-4b65-96e8-a680e4caea0e_12.47 ,sub_6271173a-9d78-4b65-96e8-a680e4caea0e_12.47 -> DT0  ,36.13 ,17.50 ,0.00 ,1 ,
106297267_0  ,106297267_0  ,1 ,0.42 ,7.18  ,3.48  ,sub_6271173a-9d78-4b65-96e8-a680e4caea0e_12.47 ,sub_6271173a-9d78-4b65-96e8-a680e4caea0e_12.47 -> DT0  ,7.18  ,3.48  ,0.00 ,1 ,
106693710_1  ,106693710_1  ,1 ,0.42 ,27.18 ,13.16 ,sub_6271173a-9d78-4b65-96e8-a680e4caea0e_12.47 ,sub_6271173a-9d78-4b65-96e8-a680e4caea0e_12.47 -> DT0  ,27.18 ,13.16 ,0.00 ,1 ,
106693723_0  ,106693723_0  ,1 ,0.42 ,22.89 ,11.09 ,sub_6271173a-9d78-4b65-96e8-a680e4caea0e_12.47 ,sub_6271173a-9d78-4b65-96e8-a680e4caea0e_12.47 -> DT0  ,22.89 ,11.09 ,0.00 ,1 ,
106693726_0  ,106693726_0  ,1 ,0.42 ,9.21  ,4.46  ,sub_6271173a-9d78-4b65-96e8-a680e4caea0e_12.47 ,sub_6271173a-9d78-4b65-96e8-a680e4caea0e_12.47 -> DT0  ,9.21  ,4.46  ,0.00 ,1 ,
106693735_3  ,106693735_3  ,1 ,0.42 ,25.09 ,12.15 ,sub_6271173a-9d78-4b65-96e8-a680e4caea0e_12.47 ,sub_6271173a-9d78-4b65-96e8-a680e4caea0e_12.47 -> DT0  ,25.09 ,12.15 ,0.00 ,1 ,
106693739_3  ,106693739_3  ,1 ,0.42 ,30.00 ,14.53 ,sub_6271173a-9d78-4b65-96e8-a680e4caea0e_12.47 ,sub_6271173a-9d78-4b65-96e8-a680e4caea0e_12.47 -> DT0  ,30.00 ,14.53 ,0.00 ,1 ,
1100000_3    ,1100000_3    ,1 ,0.42 ,4.55  ,2.20  ,sub_6271173a-9d78-4b65-96e8-a680e4caea0e_12.47 ,sub_6271173a-9d78-4b65-96e8-a680e4caea0e_12.47 -> DT19 ,4.55  ,2.20  ,0.00 ,1 ,
535644227_7  ,535644227_7  ,1 ,0.42 ,19.38 ,9.39  ,sub_6271173a-9d78-4b65-96e8-a680e4caea0e_12.47 ,sub_6271173a-9d78-4b65-96e8-a680e4caea0e_12.47 -> DT0  ,19.38 ,9.39  ,0.00 ,1 ,
540123657_1  ,540123657_1  ,1 ,0.42 ,10.28 ,4.98  ,sub_6271173a-9d78-4b65-96e8-a680e4caea0e_12.47 ,sub_6271173a-9d78-4b65-96e8-a680e4caea0e_12.47 -> DT19 ,10.28 ,4.98  ,0.00 ,1 ,
542938089_9  ,542938089_9  ,1 ,0.42 ,29.82 ,14.44 ,sub_6271173a-9d78-4b65-96e8-a680e4caea0e_12.47 ,sub_6271173a-9d78-4b65-96e8-a680e4caea0e_12.47 -> DT0  ,29.82 ,14.44 ,0.00 ,1 ,
542938090_0  ,542938090_0  ,1 ,0.42 ,14.94 ,7.24  ,sub_6271173a-9d78-4b65-96e8-a680e4caea0e_12.47 ,sub_6271173a-9d78-4b65-96e8-a680e4caea0e_12.47 -> DT0  ,14.94 ,7.24  ,0.00 ,1 ,
542938094_3  ,542938094_3  ,1 ,0.42 ,7.50  ,3.63  ,sub_6271173a-9d78-4b65-96e8-a680e4caea0e_12.47 ,sub_6271173a-9d78-4b65-96e8-a680e4caea0e_12.47 -> DT0  ,7.50  ,3.63  ,0.00 ,1 ,
542938095_7  ,542938095_7  ,1 ,0.42 ,6.33  ,3.07  ,sub_6271173a-9d78-4b65-96e8-a680e4caea0e_12.47 ,sub_6271173a-9d78-4b65-96e8-a680e4caea0e_12.47 -> DT0  ,6.33  ,3.07  ,0.00 ,1 ,
542938096_7  ,542938096_7  ,1 ,0.42 ,15.04 ,7.28  ,sub_6271173a-9d78-4b65-96e8-a680e4caea0e_12.47 ,sub_6271173a-9d78-4b65-96e8-a680e4caea0e_12.47 -> DT0  ,15.04 ,7.28  ,0.00 ,1 ,
542938097_0  ,542938097_0  ,1 ,0.42 ,23.01 ,11.14 ,sub_6271173a-9d78-4b65-96e8-a680e4caea0e_12.47 ,sub_6271173a-9d78-4b65-96e8-a680e4caea0e_12.47 -> DT0  ,23.01 ,11.14 ,0.00 ,1 ,
542938099_2  ,542938099_2  ,1 ,0.42 ,20.56 ,9.96  ,sub_6271173a-9d78-4b65-96e8-a680e4caea0e_12.47 ,sub_6271173a-9d78-4b65-96e8-a680e4caea0e_12.47 -> DT0  ,20.56 ,9.96  ,0.00 ,1 ,
542938103_6  ,542938103_6  ,1 ,0.42 ,24.23 ,11.73 ,sub_6271173a-9d78-4b65-96e8-a680e4caea0e_12.47 ,sub_6271173a-9d78-4b65-96e8-a680e4caea0e_12.47 -> DT0  ,24.23 ,11.73 ,0.00 ,1 ,
12900000_2   ,12900000_2   ,3 ,0.42 ,38.74 ,18.76 ,sub_6271173a-9d78-4b65-96e8-a680e4caea0e_12.47 ,sub_6271173a-9d78-4b65-96e8-a680e4caea0e_12.47 -> DT0  ,38.74 ,18.76 ,0.00 ,1 ,
542938109_0  ,542938109_0  ,1 ,0.42 ,9.59  ,4.64  ,sub_6271173a-9d78-4b65-96e8-a680e4caea0e_12.47 ,sub_6271173a-9d78-4b65-96e8-a680e4caea0e_12.47 -> DT0  ,9.59  ,4.64  ,0.00 ,1 ,
542939242_3  ,542939242_3  ,1 ,0.42 ,24.22 ,11.73 ,sub_6271173a-9d78-4b65-96e8-a680e4caea0e_12.47 ,sub_6271173a-9d78-4b65-96e8-a680e4caea0e_12.47 -> DT0  ,24.22 ,11.73 ,0.00 ,1 ,
542939243_11 ,542939243_11 ,1 ,0.42 ,20.75 ,10.05 ,sub_6271173a-9d78-4b65-96e8-a680e4caea0e_12.47 ,sub_6271173a-9d78-4b65-96e8-a680e4caea0e_12.47 -> DT0  ,20.75 ,10.05 ,0.00 ,1 ,
548357126_0  ,548357126_0  ,1 ,0.42 ,10.10 ,4.89  ,sub_6271173a-9d78-4b65-96e8-a680e4caea0e_12.47 ,sub_6271173a-9d78-4b65-96e8-a680e4caea0e_12.47 -> DT0  ,10.10 ,4.89  ,0.00 ,1 ,
548398899_2  ,548398899_2  ,1 ,0.42 ,6.84  ,3.31  ,sub_6271173a-9d78-4b65-96e8-a680e4caea0e_12.47 ,sub_6271173a-9d78-4b65-96e8-a680e4caea0e_12.47 -> DT19 ,6.84  ,3.31  ,0.00 ,1 ,
548398908_7  ,548398908_7  ,1 ,0.42 ,15.99 ,7.75  ,sub_6271173a-9d78-4b65-96e8-a680e4caea0e_12.47 ,sub_6271173a-9d78-4b65-96e8-a680e4caea0e_12.47 -> DT0  ,15.99 ,7.75  ,0.00 ,1 ,
548398917_2  ,548398917_2  ,1 ,0.42 ,5.08  ,2.46  ,sub_6271173a-9d78-4b65-96e8-a680e4caea0e_12.47 ,sub_6271173a-9d78-4b65-96e8-a680e4caea0e_12.47 -> DT0  ,5.08  ,2.46  ,0.00 ,1 ,
548398924_1  ,548398924_1  ,1 ,0.42 ,8.53  ,4.13  ,sub_6271173a-9d78-4b65-96e8-a680e4caea0e_12.47 ,sub_6271173a-9d78-4b65-96e8-a680e4caea0e_12.47 -> DT0  ,8.53  ,4.13  ,0.00 ,1 ,
548398925_0  ,548398925_0  ,1 ,0.42 ,13.05 ,6.32  ,sub_6271173a-9d78-4b65-96e8-a680e4caea0e_12.47 ,sub_6271173a-9d78-4b65-96e8-a680e4caea0e_12.47 -> DT0  ,13.05 ,6.32  ,0.00 ,1 ,
548402417_4  ,548402417_4  ,1 ,0.42 ,5.52  ,2.67  ,sub_6271173a-9d78-4b65-96e8-a680e4caea0e_12.47 ,sub_6271173a-9d78-4b65-96e8-a680e4caea0e_12.47 -> DT0  ,5.52  ,2.67  ,0.00 ,1 ,
548402418_13 ,548402418_13 ,1 ,0.42 ,17.34 ,8.40  ,sub_6271173a-9d78-4b65-96e8-a680e4caea0e_12.47 ,sub_6271173a-9d78-4b65-96e8-a680e4caea0e_12.47 -> DT0  ,17.34 ,8.40  ,0.00 ,1 ,
548402826_2  ,548402826_2  ,1 ,0.42 ,12.88 ,6.24  ,sub_6271173a-9d78-4b65-96e8-a680e4caea0e_12.47 ,sub_6271173a-9d78-4b65-96e8-a680e4caea0e_12.47 -> DT0  ,12.88 ,6.24  ,0.00 ,1 ,
548402827_3  ,548402827_3  ,1 ,0.42 ,8.03  ,3.89  ,sub_6271173a-9d78-4b65-96e8-a680e4caea0e_12.47 ,sub_6271173a-9d78-4b65-96e8-a680e4caea0e_12.47 -> DT0  ,8.03  ,3.89  ,0.00 ,1 ,
548402829_3  ,548402829_3  ,1 ,0.42 ,9.17  ,4.44  ,sub_6271173a-9d78-4b65-96e8-a680e4caea0e_12.47 ,sub_6271173a-9d78-4b65-96e8-a680e4caea0e_12.47 -> DT0  ,9.17  ,4.44  ,0.00 ,1 ,
549934791_2  ,549934791_2  ,1 ,0.42 ,11.95 ,5.79  ,sub_6271173a-9d78-4b65-96e8-a680e4caea0e_12.47 ,sub_6271173a-9d78-4b65-96e8-a680e4caea0e_12.47 -> DT0  ,11.95 ,5.79  ,0.00 ,1 ,
542938089_9  ,549934793_0  ,1 ,0.42 ,9.48  ,4.59  ,sub_6271173a-9d78-4b65-96e8-a680e4caea0e_12.47 ,sub_6271173a-9d78-4b65-96e8-a680e4caea0e_12.47 -> DT0  ,9.48  ,4.59  ,0.00 ,1 ,
549934795_1  ,549934795_1  ,1 ,0.42 ,10.84 ,5.25  ,sub_6271173a-9d78-4b65-96e8-a680e4caea0e_12.47 ,sub_6271173a-9d78-4b65-96e8-a680e4caea0e_12.47 -> DT0  ,10.84 ,5.25  ,0.00 ,1 ,
549934805_2  ,549934805_2  ,1 ,0.42 ,20.01 ,9.69  ,sub_6271173a-9d78-4b65-96e8-a680e4caea0e_12.47 ,sub_6271173a-9d78-4b65-96e8-a680e4caea0e_12.47 -> DT0  ,20.01 ,9.69  ,0.00 ,1 ,
549989596_15 ,549989596_15 ,1 ,0.42 ,30.15 ,14.60 ,sub_6271173a-9d78-4b65-96e8-a680e4caea0e_12.47 ,sub_6271173a-9d78-4b65-96e8-a680e4caea0e_12.47 -> DT0  ,30.15 ,14.60 ,0.00 ,1 ,
549989599_4  ,549989599_4  ,1 ,0.42 ,7.07  ,3.42  ,sub_6271173a-9d78-4b65-96e8-a680e4caea0e_12.47 ,sub_6271173a-9d78-4b65-96e8-a680e4caea0e_12.47 -> DT0  ,7.07  ,3.42  ,0.00 ,1 ,
549989601_0  ,549989601_0  ,1 ,0.42 ,17.05 ,8.26  ,sub_6271173a-9d78-4b65-96e8-a680e4caea0e_12.47 ,sub_6271173a-9d78-4b65-96e8-a680e4caea0e_12.47 -> DT0  ,17.05 ,8.26  ,0.00 ,1 ,
549989606_8  ,549989606_8  ,1 ,0.42 ,22.49 ,10.89 ,sub_6271173a-9d78-4b65-96e8-a680e4caea0e_12.47 ,sub_6271173a-9d78-4b65-96e8-a680e4caea0e_12.47 -> DT0  ,22.49 ,10.89 ,0.00 ,1 ,
11600000_0   ,11600000_0   ,1 ,0.42 ,7.37  ,3.57  ,sub_6271173a-9d78-4b65-96e8-a680e4caea0e_12.47 ,sub_6271173a-9d78-4b65-96e8-a680e4caea0e_12.47 -> DT19 ,7.37  ,3.57  ,0.00 ,1 ,
548402826_2  ,12000000_1   ,1 ,0.42 ,29.02 ,14.05 ,sub_6271173a-9d78-4b65-96e8-a680e4caea0e_12.47 ,sub_6271173a-9d78-4b65-96e8-a680e4caea0e_12.47 -> DT0  ,29.02 ,14.05 ,0.00 ,1 ,
12100000_4   ,12100000_4   ,3 ,0.42 ,33.89 ,16.41 ,sub_6271173a-9d78-4b65-96e8-a680e4caea0e_12.47 ,sub_6271173a-9d78-4b65-96e8-a680e4caea0e_12.47 -> DT0  ,33.89 ,16.41 ,0.00 ,1 ,
12700000_2   ,12700000_2   ,1 ,0.42 ,5.25  ,2.54  ,sub_6271173a-9d78-4b65-96e8-a680e4caea0e_12.47 ,sub_6271173a-9d78-4b65-96e8-a680e4caea0e_12.47 -> DT0  ,5.25  ,2.54  ,0.00 ,1 ,
12200000_1   ,12200000_1   ,1 ,0.42 ,28.83 ,13.96 ,sub_6271173a-9d78-4b65-96e8-a680e4caea0e_12.47 ,sub_6271173a-9d78-4b65-96e8-a680e4caea0e_12.47 -> DT0  ,28.83 ,13.96 ,0.00 ,1 ,
12300000_5   ,12300000_5   ,1 ,0.42 ,7.46  ,3.61  ,sub_6271173a-9d78-4b65-96e8-a680e4caea0e_12.47 ,sub_6271173a-9d78-4b65-96e8-a680e4caea0e_12.47 -> DT0  ,7.46  ,3.61  ,0.00 ,1 ,
12400000_0   ,12400000_0   ,1 ,0.42 ,5.78  ,2.80  ,sub_6271173a-9d78-4b65-96e8-a680e4caea0e_12.47 ,sub_6271173a-9d78-4b65-96e8-a680e4caea0e_12.47 -> DT0  ,5.78  ,2.80  ,0.00 ,1 ,
12600000_24  ,12600000_24  ,1 ,0.42 ,30.75 ,14.89 ,sub_6271173a-9d78-4b65-96e8-a680e4caea0e_12.47 ,sub_6271173a-9d78-4b65-96e8-a680e4caea0e_12.47 -> DT0  ,30.75 ,14.89 ,0.00 ,1 ,
12_1         ,12_1         ,1 ,0.42 ,2.75  ,1.33  ,sub_6271173a-9d78-4b65-96e8-a680e4caea0e_12.47 ,sub_6271173a-9d78-4b65-96e8-a680e4caea0e_12.47 -> DT0  ,2.75  ,1.33  ,0.00 ,3 ,
14_2         ,14_2         ,1 ,0.42 ,1.95  ,0.95  ,sub_6271173a-9d78-4b65-96e8-a680e4caea0e_12.47 ,sub_6271173a-9d78-4b65-96e8-a680e4caea0e_12.47 -> DT19 ,1.95  ,0.95  ,0.00 ,1 ,
15_3         ,15_3         ,1 ,0.42 ,4.07  ,1.97  ,sub_6271173a-9d78-4b65-96e8-a680e4caea0e_12.47 ,sub_6271173a-9d78-4b65-96e8-a680e4caea0e_12.47 -> DT19 ,4.07  ,1.97  ,0.00 ,1 ,
16_4         ,16_4         ,1 ,0.42 ,1.17  ,0.57  ,sub_6271173a-9d78-4b65-96e8-a680e4caea0e_12.47 ,sub_6271173a-9d78-4b65-96e8-a680e4caea0e_12.47 -> DT19 ,1.17  ,0.57  ,0.00 ,1 ,
17_0         ,17_0         ,1 ,0.42 ,4.27  ,2.07  ,sub_6271173a-9d78-4b65-96e8-a680e4caea0e_12.47 ,sub_6271173a-9d78-4b65-96e8-a680e4caea0e_12.47 -> DT19 ,4.27  ,2.07  ,0.00 ,1 ,
18_2         ,18_2         ,1 ,0.42 ,1.00  ,0.49  ,sub_6271173a-9d78-4b65-96e8-a680e4caea0e_12.47 ,sub_6271173a-9d78-4b65-96e8-a680e4caea0e_12.47 -> DT19 ,1.00  ,0.49  ,0.00 ,1 ,
17_0         ,19_3         ,1 ,0.42 ,0.96  ,0.47  ,sub_6271173a-9d78-4b65-96e8-a680e4caea0e_12.47 ,sub_6271173a-9d78-4b65-96e8-a680e4caea0e_12.47 -> DT19 ,0.96  ,0.47  ,0.00 ,1 ,
20_5         ,20_5         ,1 ,0.42 ,8.42  ,4.08  ,sub_6271173a-9d78-4b65-96e8-a680e4caea0e_12.47 ,sub_6271173a-9d78-4b65-96e8-a680e4caea0e_12.47 -> DT19 ,8.42  ,4.08  ,0.00 ,8 ,
21_2         ,21_2         ,1 ,0.42 ,1.10  ,0.53  ,sub_6271173a-9d78-4b65-96e8-a680e4caea0e_12.47 ,sub_6271173a-9d78-4b65-96e8-a680e4caea0e_12.47 -> DT19 ,1.10  ,0.53  ,0.00 ,1 ,
22_2         ,22_2         ,1 ,0.42 ,0.93  ,0.45  ,sub_6271173a-9d78-4b65-96e8-a680e4caea0e_12.47 ,sub_6271173a-9d78-4b65-96e8-a680e4caea0e_12.47 -> DT19 ,0.93  ,0.45  ,0.00 ,1 ,
22_2         ,23_1         ,1 ,0.42 ,3.89  ,1.89  ,sub_6271173a-9d78-4b65-96e8-a680e4caea0e_12.47 ,sub_6271173a-9d78-4b65-96e8-a680e4caea0e_12.47 -> DT19 ,3.89  ,1.89  ,0.00 ,1 ,
24_3         ,24_3         ,1 ,0.42 ,2.83  ,1.37  ,sub_6271173a-9d78-4b65-96e8-a680e4caea0e_12.47 ,sub_6271173a-9d78-4b65-96e8-a680e4caea0e_12.47 -> DT19 ,2.83  ,1.37  ,0.00 ,1 ,
25_2         ,25_2         ,1 ,0.42 ,0.82  ,0.40  ,sub_6271173a-9d78-4b65-96e8-a680e4caea0e_12.47 ,sub_6271173a-9d78-4b65-96e8-a680e4caea0e_12.47 -> DT19 ,0.82  ,0.40  ,0.00 ,1 ,
27_1         ,27_1         ,1 ,0.42 ,5.46  ,2.64  ,sub_6271173a-9d78-4b65-96e8-a680e4caea0e_12.47 ,sub_6271173a-9d78-4b65-96e8-a680e4caea0e_12.47 -> DT19 ,5.46  ,2.64  ,0.00 ,4 ,
28_1         ,28_1         ,1 ,0.42 ,1.18  ,0.57  ,sub_6271173a-9d78-4b65-96e8-a680e4caea0e_12.47 ,sub_6271173a-9d78-4b65-96e8-a680e4caea0e_12.47 -> DT19 ,1.18  ,0.57  ,0.00 ,1 ,
31_2         ,31_2         ,1 ,0.42 ,1.16  ,0.56  ,sub_6271173a-9d78-4b65-96e8-a680e4caea0e_12.47 ,sub_6271173a-9d78-4b65-96e8-a680e4caea0e_12.47 -> DT0  ,1.16  ,0.56  ,0.00 ,1 ,
548357126_0  ,32_3         ,1 ,0.42 ,1.32  ,0.64  ,sub_6271173a-9d78-4b65-96e8-a680e4caea0e_12.47 ,sub_6271173a-9d78-4b65-96e8-a680e4caea0e_12.47 -> DT0  ,1.32  ,0.64  ,0.00 ,1 ,
37_3         ,37_3         ,1 ,0.42 ,2.27  ,1.10  ,sub_6271173a-9d78-4b65-96e8-a680e4caea0e_12.47 ,sub_6271173a-9d78-4b65-96e8-a680e4caea0e_12.47 -> DT0  ,2.27  ,1.10  ,0.00 ,4 ,
39_0         ,39_0         ,1 ,0.42 ,4.76  ,2.30  ,sub_6271173a-9d78-4b65-96e8-a680e4caea0e_12.47 ,sub_6271173a-9d78-4b65-96e8-a680e4caea0e_12.47 -> DT0  ,4.76  ,2.30  ,0.00 ,1 ,
40_3         ,40_3         ,1 ,0.42 ,0.82  ,0.40  ,sub_6271173a-9d78-4b65-96e8-a680e4caea0e_12.47 ,sub_6271173a-9d78-4b65-96e8-a680e4caea0e_12.47 -> DT0  ,0.82  ,0.40  ,0.00 ,1 ,
46_5         ,46_5         ,1 ,0.42 ,1.85  ,0.89  ,sub_6271173a-9d78-4b65-96e8-a680e4caea0e_12.47 ,sub_6271173a-9d78-4b65-96e8-a680e4caea0e_12.47 -> DT0  ,1.85  ,0.89  ,0.00 ,2 ,
47_2         ,47_2         ,1 ,0.42 ,2.23  ,1.08  ,sub_6271173a-9d78-4b65-96e8-a680e4caea0e_12.47 ,sub_6271173a-9d78-4b65-96e8-a680e4caea0e_12.47 -> DT0  ,2.23  ,1.08  ,0.00 ,1 ,
48_1         ,48_1         ,1 ,0.42 ,0.89  ,0.43  ,sub_6271173a-9d78-4b65-96e8-a680e4caea0e_12.47 ,sub_6271173a-9d78-4b65-96e8-a680e4caea0e_12.47 -> DT0  ,0.89  ,0.43  ,0.00 ,1 ,
49_0         ,49_0         ,1 ,0.42 ,2.11  ,1.02  ,sub_6271173a-9d78-4b65-96e8-a680e4caea0e_12.47 ,sub_6271173a-9d78-4b65-96e8-a680e4caea0e_12.47 -> DT19 ,2.11  ,1.02  ,0.00 ,1 ,
50_3         ,50_3         ,1 ,0.42 ,1.95  ,0.94  ,sub_6271173a-9d78-4b65-96e8-a680e4caea0e_12.47 ,sub_6271173a-9d78-4b65-96e8-a680e4caea0e_12.47 -> DT19 ,1.95  ,0.94  ,0.00 ,1 ,
51_1         ,51_1         ,1 ,0.42 ,1.07  ,0.52  ,sub_6271173a-9d78-4b65-96e8-a680e4caea0e_12.47 ,sub_6271173a-9d78-4b65-96e8-a680e4caea0e_12.47 -> DT19 ,1.07  ,0.52  ,0.00 ,1 ,
52_5         ,52_5         ,1 ,0.42 ,0.98  ,0.47  ,sub_6271173a-9d78-4b65-96e8-a680e4caea0e_12.47 ,sub_6271173a-9d78-4b65-96e8-a680e4caea0e_12.47 -> DT19 ,0.98  ,0.47  ,0.00 ,1 ,
52_5         ,53_0         ,1 ,0.42 ,2.32  ,1.12  ,sub_6271173a-9d78-4b65-96e8-a680e4caea0e_12.47 ,sub_6271173a-9d78-4b65-96e8-a680e4caea0e_12.47 -> DT19 ,2.32  ,1.12  ,0.00 ,4 ,
54_0         ,54_0         ,1 ,0.42 ,4.31  ,2.09  ,sub_6271173a-9d78-4b65-96e8-a680e4caea0e_12.47 ,sub_6271173a-9d78-4b65-96e8-a680e4caea0e_12.47 -> DT19 ,4.31  ,2.09  ,0.00 ,1 ,
55_3         ,55_3         ,1 ,0.42 ,2.47  ,1.20  ,sub_6271173a-9d78-4b65-96e8-a680e4caea0e_12.47 ,sub_6271173a-9d78-4b65-96e8-a680e4caea0e_12.47 -> DT19 ,2.47  ,1.20  ,0.00 ,4 ,
56_3         ,56_3         ,1 ,0.42 ,1.77  ,0.86  ,sub_6271173a-9d78-4b65-96e8-a680e4caea0e_12.47 ,sub_6271173a-9d78-4b65-96e8-a680e4caea0e_12.47 -> DT19 ,1.77  ,0.86  ,0.00 ,1 ,
56_3         ,57_0         ,1 ,0.42 ,2.06  ,1.00  ,sub_6271173a-9d78-4b65-96e8-a680e4caea0e_12.47 ,sub_6271173a-9d78-4b65-96e8-a680e4caea0e_12.47 -> DT19 ,2.06  ,1.00  ,0.00 ,4 ,
58_3         ,58_3         ,1 ,0.42 ,4.96  ,2.40  ,sub_6271173a-9d78-4b65-96e8-a680e4caea0e_12.47 ,sub_6271173a-9d78-4b65-96e8-a680e4caea0e_12.47 -> DT19 ,4.96  ,2.40  ,0.00 ,4 ,
59_0         ,59_0         ,1 ,0.42 ,2.22  ,1.07  ,sub_6271173a-9d78-4b65-96e8-a680e4caea0e_12.47 ,sub_6271173a-9d78-4b65-96e8-a680e4caea0e_12.47 -> DT19 ,2.22  ,1.07  ,0.00 ,2 ,
59_0         ,60_0         ,1 ,0.42 ,1.98  ,0.96  ,sub_6271173a-9d78-4b65-96e8-a680e4caea0e_12.47 ,sub_6271173a-9d78-4b65-96e8-a680e4caea0e_12.47 -> DT19 ,1.98  ,0.96  ,0.00 ,4 ,
61_3         ,61_3         ,1 ,0.42 ,3.53  ,1.71  ,sub_6271173a-9d78-4b65-96e8-a680e4caea0e_12.47 ,sub_6271173a-9d78-4b65-96e8-a680e4caea0e_12.47 -> DT19 ,3.53  ,1.71  ,0.00 ,1 ,
62_3         ,62_3         ,1 ,0.42 ,1.67  ,0.81  ,sub_6271173a-9d78-4b65-96e8-a680e4caea0e_12.47 ,sub_6271173a-9d78-4b65-96e8-a680e4caea0e_12.47 -> DT0  ,1.67  ,0.81  ,0.00 ,2 ,
64_1         ,64_1         ,1 ,0.42 ,1.71  ,0.83  ,sub_6271173a-9d78-4b65-96e8-a680e4caea0e_12.47 ,sub_6271173a-9d78-4b65-96e8-a680e4caea0e_12.47 -> DT19 ,1.71  ,0.83  ,0.00 ,2 ,
65_1         ,65_1         ,1 ,0.42 ,3.27  ,1.59  ,sub_6271173a-9d78-4b65-96e8-a680e4caea0e_12.47 ,sub_6271173a-9d78-4b65-96e8-a680e4caea0e_12.47 -> DT19 ,3.27  ,1.59  ,0.00 ,2 ,
548398899_2  ,67_2         ,1 ,0.42 ,4.74  ,2.30  ,sub_6271173a-9d78-4b65-96e8-a680e4caea0e_12.47 ,sub_6271173a-9d78-4b65-96e8-a680e4caea0e_12.47 -> DT19 ,4.74  ,2.30  ,0.00 ,4 ,
68_3         ,68_3         ,1 ,0.42 ,2.83  ,1.37  ,sub_6271173a-9d78-4b65-96e8-a680e4caea0e_12.47 ,sub_6271173a-9d78-4b65-96e8-a680e4caea0e_12.47 -> DT0  ,2.83  ,1.37  ,0.00 ,1 ,
71_3         ,71_3         ,1 ,0.42 ,2.73  ,1.32  ,sub_6271173a-9d78-4b65-96e8-a680e4caea0e_12.47 ,sub_6271173a-9d78-4b65-96e8-a680e4caea0e_12.47 -> DT0  ,2.73  ,1.32  ,0.00 ,1 ,
72_0         ,72_0         ,1 ,0.42 ,1.04  ,0.51  ,sub_6271173a-9d78-4b65-96e8-a680e4caea0e_12.47 ,sub_6271173a-9d78-4b65-96e8-a680e4caea0e_12.47 -> DT0  ,1.04  ,0.51  ,0.00 ,1 ,
73_0         ,73_0         ,1 ,0.42 ,5.02  ,2.43  ,sub_6271173a-9d78-4b65-96e8-a680e4caea0e_12.47 ,sub_6271173a-9d78-4b65-96e8-a680e4caea0e_12.47 -> DT0  ,5.02  ,2.43  ,0.00 ,4 ,
73_0         ,74_5         ,1 ,0.42 ,2.88  ,1.40  ,sub_6271173a-9d78-4b65-96e8-a680e4caea0e_12.47 ,sub_6271173a-9d78-4b65-96e8-a680e4caea0e_12.47 -> DT0  ,2.88  ,1.40  ,0.00 ,3 ,
79_7         ,79_7         ,1 ,0.42 ,1.56  ,0.76  ,sub_6271173a-9d78-4b65-96e8-a680e4caea0e_12.47 ,sub_6271173a-9d78-4b65-96e8-a680e4caea0e_12.47 -> DT0  ,1.56  ,0.76  ,0.00 ,2 ,
83_2         ,83_2         ,1 ,0.42 ,2.23  ,1.08  ,sub_6271173a-9d78-4b65-96e8-a680e4caea0e_12.47 ,sub_6271173a-9d78-4b65-96e8-a680e4caea0e_12.47 -> DT19 ,2.23  ,1.08  ,0.00 ,4 ,
84_4         ,84_4         ,1 ,0.42 ,1.07  ,0.52  ,sub_6271173a-9d78-4b65-96e8-a680e4caea0e_12.47 ,sub_6271173a-9d78-4b65-96e8-a680e4caea0e_12.47 -> DT19 ,1.07  ,0.52  ,0.00 ,1 ,
84_4         ,85_0         ,1 ,0.42 ,2.94  ,1.42  ,sub_6271173a-9d78-4b65-96e8-a680e4caea0e_12.47 ,sub_6271173a-9d78-4b65-96e8-a680e4caea0e_12.47 -> DT19 ,2.94  ,1.42  ,0.00 ,1 ,
86_2         ,86_2         ,1 ,0.42 ,2.19  ,1.06  ,sub_6271173a-9d78-4b65-96e8-a680e4caea0e_12.47 ,sub_6271173a-9d78-4b65-96e8-a680e4caea0e_12.47 -> DT19 ,2.19  ,1.06  ,0.00 ,1 ,
87_3         ,87_3         ,1 ,0.42 ,3.01  ,1.46  ,sub_6271173a-9d78-4b65-96e8-a680e4caea0e_12.47 ,sub_6271173a-9d78-4b65-96e8-a680e4caea0e_12.47 -> DT0  ,3.01  ,1.46  ,0.00 ,3 ,
88_0         ,88_0         ,1 ,0.42 ,1.71  ,0.83  ,sub_6271173a-9d78-4b65-96e8-a680e4caea0e_12.47 ,sub_6271173a-9d78-4b65-96e8-a680e4caea0e_12.47 -> DT0  ,1.71  ,0.83  ,0.00 ,1 ,
89_5         ,89_5         ,1 ,0.42 ,1.22  ,0.59  ,sub_6271173a-9d78-4b65-96e8-a680e4caea0e_12.47 ,sub_6271173a-9d78-4b65-96e8-a680e4caea0e_12.47 -> DT0  ,1.22  ,0.59  ,0.00 ,2 ,
87_3         ,90_0         ,1 ,0.42 ,1.14  ,0.55  ,sub_6271173a-9d78-4b65-96e8-a680e4caea0e_12.47 ,sub_6271173a-9d78-4b65-96e8-a680e4caea0e_12.47 -> DT0  ,1.14  ,0.55  ,0.00 ,1 ,
31_2         ,91_3         ,1 ,0.42 ,3.18  ,1.54  ,sub_6271173a-9d78-4b65-96e8-a680e4caea0e_12.47 ,sub_6271173a-9d78-4b65-96e8-a680e4caea0e_12.47 -> DT0  ,3.18  ,1.54  ,0.00 ,4 ,
96_0         ,96_0         ,1 ,0.42 ,4.22  ,2.04  ,sub_6271173a-9d78-4b65-96e8-a680e4caea0e_12.47 ,sub_6271173a-9d78-4b65-96e8-a680e4caea0e_12.47 -> DT19 ,4.22  ,2.04  ,0.00 ,1 ,
96_0         ,97_0         ,1 ,0.42 ,3.12  ,1.51  ,sub_6271173a-9d78-4b65-96e8-a680e4caea0e_12.47 ,sub_6271173a-9d78-4b65-96e8-a680e4caea0e_12.47 -> DT19 ,3.12  ,1.51  ,0.00 ,1 ,
98_2         ,98_2         ,1 ,0.42 ,2.58  ,1.25  ,sub_6271173a-9d78-4b65-96e8-a680e4caea0e_12.47 ,sub_6271173a-9d78-4b65-96e8-a680e4caea0e_12.47 -> DT19 ,2.58  ,1.25  ,0.00 ,1 ,
103_3        ,103_3        ,1 ,0.42 ,1.21  ,0.59  ,sub_6271173a-9d78-4b65-96e8-a680e4caea0e_12.47 ,sub_6271173a-9d78-4b65-96e8-a680e4caea0e_12.47 -> DT0  ,1.21  ,0.59  ,0.00 ,1 ,
104_7        ,104_7        ,1 ,0.42 ,2.48  ,1.20  ,sub_6271173a-9d78-4b65-96e8-a680e4caea0e_12.47 ,sub_6271173a-9d78-4b65-96e8-a680e4caea0e_12.47 -> DT0  ,2.48  ,1.20  ,0.00 ,4 ,
105_0        ,105_0        ,1 ,0.42 ,0.56  ,0.27  ,sub_6271173a-9d78-4b65-96e8-a680e4caea0e_12.47 ,sub_6271173a-9d78-4b65-96e8-a680e4caea0e_12.47 -> DT0  ,0.56  ,0.27  ,0.00 ,1 ,
106_1        ,106_1        ,1 ,0.42 ,5.17  ,2.50  ,sub_6271173a-9d78-4b65-96e8-a680e4caea0e_12.47 ,sub_6271173a-9d78-4b65-96e8-a680e4caea0e_12.47 -> DT0  ,5.17  ,2.50  ,0.00 ,1 ,
107_2        ,107_2        ,1 ,0.42 ,2.30  ,1.11  ,sub_6271173a-9d78-4b65-96e8-a680e4caea0e_12.47 ,sub_6271173a-9d78-4b65-96e8-a680e4caea0e_12.47 -> DT19 ,2.30  ,1.11  ,0.00 ,4 ,
108_4        ,108_4        ,1 ,0.42 ,1.05  ,0.51  ,sub_6271173a-9d78-4b65-96e8-a680e4caea0e_12.47 ,sub_6271173a-9d78-4b65-96e8-a680e4caea0e_12.47 -> DT19 ,1.05  ,0.51  ,0.00 ,1 ,
108_4        ,109_1        ,1 ,0.42 ,2.73  ,1.32  ,sub_6271173a-9d78-4b65-96e8-a680e4caea0e_12.47 ,sub_6271173a-9d78-4b65-96e8-a680e4caea0e_12.47 -> DT19 ,2.73  ,1.32  ,0.00 ,1 ,
110_0        ,110_0        ,1 ,0.42 ,2.98  ,1.45  ,sub_6271173a-9d78-4b65-96e8-a680e4caea0e_12.47 ,sub_6271173a-9d78-4b65-96e8-a680e4caea0e_12.47 -> DT19 ,2.98  ,1.45  ,0.00 ,3 ,
110_0        ,111_1        ,1 ,0.42 ,0.77  ,0.37  ,sub_6271173a-9d78-4b65-96e8-a680e4caea0e_12.47 ,sub_6271173a-9d78-4b65-96e8-a680e4caea0e_12.47 -> DT19 ,0.77  ,0.37  ,0.00 ,1 ,
112_2        ,112_2        ,1 ,0.42 ,1.08  ,0.52  ,sub_6271173a-9d78-4b65-96e8-a680e4caea0e_12.47 ,sub_6271173a-9d78-4b65-96e8-a680e4caea0e_12.47 -> DT19 ,1.08  ,0.52  ,0.00 ,1 ,
112_2        ,113_1        ,1 ,0.42 ,4.41  ,2.13  ,sub_6271173a-9d78-4b65-96e8-a680e4caea0e_12.47 ,sub_6271173a-9d78-4b65-96e8-a680e4caea0e_12.47 -> DT19 ,4.41  ,2.13  ,0.00 ,4 ,
114_1        ,114_1        ,1 ,0.42 ,4.11  ,1.99  ,sub_6271173a-9d78-4b65-96e8-a680e4caea0e_12.47 ,sub_6271173a-9d78-4b65-96e8-a680e4caea0e_12.47 -> DT19 ,4.11  ,1.99  ,0.00 ,4 ,
115_1        ,115_1        ,1 ,0.42 ,1.89  ,0.92  ,sub_6271173a-9d78-4b65-96e8-a680e4caea0e_12.47 ,sub_6271173a-9d78-4b65-96e8-a680e4caea0e_12.47 -> DT19 ,1.89  ,0.92  ,0.00 ,1 ,
117_1        ,117_1        ,1 ,0.42 ,1.65  ,0.80  ,sub_6271173a-9d78-4b65-96e8-a680e4caea0e_12.47 ,sub_6271173a-9d78-4b65-96e8-a680e4caea0e_12.47 -> DT19 ,1.65  ,0.80  ,0.00 ,3 ,
118_0        ,118_0        ,1 ,0.42 ,1.23  ,0.60  ,sub_6271173a-9d78-4b65-96e8-a680e4caea0e_12.47 ,sub_6271173a-9d78-4b65-96e8-a680e4caea0e_12.47 -> DT19 ,1.23  ,0.60  ,0.00 ,1 ,
119_2        ,119_2        ,1 ,0.42 ,3.90  ,1.89  ,sub_6271173a-9d78-4b65-96e8-a680e4caea0e_12.47 ,sub_6271173a-9d78-4b65-96e8-a680e4caea0e_12.47 -> DT0  ,3.90  ,1.89  ,0.00 ,4 ,
127_2        ,127_2        ,1 ,0.42 ,2.59  ,1.25  ,sub_6271173a-9d78-4b65-96e8-a680e4caea0e_12.47 ,sub_6271173a-9d78-4b65-96e8-a680e4caea0e_12.47 -> DT0  ,2.59  ,1.25  ,0.00 ,2 ,
118_0        ,128_2        ,1 ,0.42 ,3.16  ,1.53  ,sub_6271173a-9d78-4b65-96e8-a680e4caea0e_12.47 ,sub_6271173a-9d78-4b65-96e8-a680e4caea0e_12.47 -> DT19 ,3.16  ,1.53  ,0.00 ,2 ,
129_0        ,129_0        ,1 ,0.42 ,1.37  ,0.67  ,sub_6271173a-9d78-4b65-96e8-a680e4caea0e_12.47 ,sub_6271173a-9d78-4b65-96e8-a680e4caea0e_12.47 -> DT0  ,1.37  ,0.67  ,0.00 ,1 ,