Node_A,Node_B,
37e694c4-c835-4725-ad26-687c6c76ea0b_0  ,678f2368-75a0-4dca-bb8e-5b68e9ed70cd_19 ,
37e694c4-c835-4725-ad26-687c6c76ea0b_0  ,678f2368-75a0-4dca-bb8e-5b68e9ed70cd_18 ,
37e694c4-c835-4725-ad26-687c6c76ea0b_0  ,678f2368-75a0-4dca-bb8e-5b68e9ed70cd_17 ,
37e694c4-c835-4725-ad26-687c6c76ea0b_0  ,1c728f89-cf85-4329-9749-b05192b60374_25 ,
1c728f89-cf85-4329-9749-b05192b60374_25 ,678f2368-75a0-4dca-bb8e-5b68e9ed70cd_14 ,
1c728f89-cf85-4329-9749-b05192b60374_25 ,1c728f89-cf85-4329-9749-b05192b60374_24 ,
1c728f89-cf85-4329-9749-b05192b60374_25 ,678f2368-75a0-4dca-bb8e-5b68e9ed70cd_13 ,
69470e30-0be1-439e-8496-454de554d43a_25 ,678f2368-75a0-4dca-bb8e-5b68e9ed70cd_1  ,
69470e30-0be1-439e-8496-454de554d43a_25 ,69470e30-0be1-439e-8496-454de554d43a_24 ,
69470e30-0be1-439e-8496-454de554d43a_24 ,69470e30-0be1-439e-8496-454de554d43a_23 ,
30b525e9-a961-4634-a2ed-6133921235c6_20 ,69470e30-0be1-439e-8496-454de554d43a_1  ,
30b525e9-a961-4634-a2ed-6133921235c6_20 ,30b525e9-a961-4634-a2ed-6133921235c6_19 ,
30b525e9-a961-4634-a2ed-6133921235c6_20 ,NudoTop_1                               ,
37e694c4-c835-4725-ad26-687c6c76ea0b_25 ,30b525e9-a961-4634-a2ed-6133921235c6_1  ,
37e694c4-c835-4725-ad26-687c6c76ea0b_25 ,37e694c4-c835-4725-ad26-687c6c76ea0b_24 ,
37e694c4-c835-4725-ad26-687c6c76ea0b_24 ,37e694c4-c835-4725-ad26-687c6c76ea0b_23 ,
37e694c4-c835-4725-ad26-687c6c76ea0b_24 ,37e694c4-c835-4725-ad26-687c6c76ea0b_14 ,
37e694c4-c835-4725-ad26-687c6c76ea0b_24 ,37e694c4-c835-4725-ad26-687c6c76ea0b_15 ,
37e694c4-c835-4725-ad26-687c6c76ea0b_24 ,37e694c4-c835-4725-ad26-687c6c76ea0b_16 ,
37e694c4-c835-4725-ad26-687c6c76ea0b_16 ,37e694c4-c835-4725-ad26-687c6c76ea0b_15 ,
37e694c4-c835-4725-ad26-687c6c76ea0b_16 ,37e694c4-c835-4725-ad26-687c6c76ea0b_8  ,
37e694c4-c835-4725-ad26-687c6c76ea0b_16 ,37e694c4-c835-4725-ad26-687c6c76ea0b_9  ,
37e694c4-c835-4725-ad26-687c6c76ea0b_9  ,37e694c4-c835-4725-ad26-687c6c76ea0b_8  ,
37e694c4-c835-4725-ad26-687c6c76ea0b_1  ,37e694c4-c835-4725-ad26-687c6c76ea0b_8  ,
37e694c4-c835-4725-ad26-687c6c76ea0b_1  ,678f2368-75a0-4dca-bb8e-5b68e9ed70cd_17 ,
678f2368-75a0-4dca-bb8e-5b68e9ed70cd_19 ,678f2368-75a0-4dca-bb8e-5b68e9ed70cd_18 ,
678f2368-75a0-4dca-bb8e-5b68e9ed70cd_18 ,678f2368-75a0-4dca-bb8e-5b68e9ed70cd_17 ,
678f2368-75a0-4dca-bb8e-5b68e9ed70cd_17 ,678f2368-75a0-4dca-bb8e-5b68e9ed70cd_16 ,
678f2368-75a0-4dca-bb8e-5b68e9ed70cd_16 ,678f2368-75a0-4dca-bb8e-5b68e9ed70cd_15 ,
678f2368-75a0-4dca-bb8e-5b68e9ed70cd_15 ,678f2368-75a0-4dca-bb8e-5b68e9ed70cd_14 ,
678f2368-75a0-4dca-bb8e-5b68e9ed70cd_14 ,1c728f89-cf85-4329-9749-b05192b60374_24 ,
1c728f89-cf85-4329-9749-b05192b60374_24 ,1c728f89-cf85-4329-9749-b05192b60374_23 ,
1c728f89-cf85-4329-9749-b05192b60374_24 ,678f2368-75a0-4dca-bb8e-5b68e9ed70cd_13 ,
678f2368-75a0-4dca-bb8e-5b68e9ed70cd_13 ,678f2368-75a0-4dca-bb8e-5b68e9ed70cd_12 ,
678f2368-75a0-4dca-bb8e-5b68e9ed70cd_12 ,678f2368-75a0-4dca-bb8e-5b68e9ed70cd_11 ,
678f2368-75a0-4dca-bb8e-5b68e9ed70cd_11 ,678f2368-75a0-4dca-bb8e-5b68e9ed70cd_10 ,
678f2368-75a0-4dca-bb8e-5b68e9ed70cd_10 ,678f2368-75a0-4dca-bb8e-5b68e9ed70cd_9  ,
678f2368-75a0-4dca-bb8e-5b68e9ed70cd_9  ,678f2368-75a0-4dca-bb8e-5b68e9ed70cd_8  ,
678f2368-75a0-4dca-bb8e-5b68e9ed70cd_8  ,678f2368-75a0-4dca-bb8e-5b68e9ed70cd_7  ,
678f2368-75a0-4dca-bb8e-5b68e9ed70cd_7  ,8fb55734-5a8e-4796-981e-23f68a91bde1_24 ,
678f2368-75a0-4dca-bb8e-5b68e9ed70cd_7  ,678f2368-75a0-4dca-bb8e-5b68e9ed70cd_6  ,
678f2368-75a0-4dca-bb8e-5b68e9ed70cd_6  ,8fb55734-5a8e-4796-981e-23f68a91bde1_24 ,
678f2368-75a0-4dca-bb8e-5b68e9ed70cd_6  ,678f2368-75a0-4dca-bb8e-5b68e9ed70cd_5  ,
678f2368-75a0-4dca-bb8e-5b68e9ed70cd_5  ,678f2368-75a0-4dca-bb8e-5b68e9ed70cd_4  ,
678f2368-75a0-4dca-bb8e-5b68e9ed70cd_4  ,678f2368-75a0-4dca-bb8e-5b68e9ed70cd_3  ,
678f2368-75a0-4dca-bb8e-5b68e9ed70cd_3  ,678f2368-75a0-4dca-bb8e-5b68e9ed70cd_2  ,
678f2368-75a0-4dca-bb8e-5b68e9ed70cd_2  ,678f2368-75a0-4dca-bb8e-5b68e9ed70cd_1  ,
69470e30-0be1-439e-8496-454de554d43a_23 ,69470e30-0be1-439e-8496-454de554d43a_22 ,
69470e30-0be1-439e-8496-454de554d43a_22 ,69470e30-0be1-439e-8496-454de554d43a_21 ,
69470e30-0be1-439e-8496-454de554d43a_21 ,69470e30-0be1-439e-8496-454de554d43a_20 ,
69470e30-0be1-439e-8496-454de554d43a_20 ,69470e30-0be1-439e-8496-454de554d43a_19 ,
69470e30-0be1-439e-8496-454de554d43a_19 ,69470e30-0be1-439e-8496-454de554d43a_18 ,
69470e30-0be1-439e-8496-454de554d43a_18 ,69470e30-0be1-439e-8496-454de554d43a_17 ,
69470e30-0be1-439e-8496-454de554d43a_17 ,69470e30-0be1-439e-8496-454de554d43a_16 ,
69470e30-0be1-439e-8496-454de554d43a_16 ,69470e30-0be1-439e-8496-454de554d43a_15 ,
69470e30-0be1-439e-8496-454de554d43a_15 ,69470e30-0be1-439e-8496-454de554d43a_14 ,
69470e30-0be1-439e-8496-454de554d43a_14 ,69470e30-0be1-439e-8496-454de554d43a_13 ,
69470e30-0be1-439e-8496-454de554d43a_13 ,0fa1fd37-db1e-4352-a871-8d260fad4025_1  ,
69470e30-0be1-439e-8496-454de554d43a_13 ,69470e30-0be1-439e-8496-454de554d43a_12 ,
69470e30-0be1-439e-8496-454de554d43a_12 ,0fa1fd37-db1e-4352-a871-8d260fad4025_1  ,
69470e30-0be1-439e-8496-454de554d43a_12 ,69470e30-0be1-439e-8496-454de554d43a_11 ,
69470e30-0be1-439e-8496-454de554d43a_11 ,69470e30-0be1-439e-8496-454de554d43a_10 ,
69470e30-0be1-439e-8496-454de554d43a_10 ,69470e30-0be1-439e-8496-454de554d43a_9  ,
69470e30-0be1-439e-8496-454de554d43a_9  ,69470e30-0be1-439e-8496-454de554d43a_8  ,
69470e30-0be1-439e-8496-454de554d43a_8  ,69470e30-0be1-439e-8496-454de554d43a_7  ,
69470e30-0be1-439e-8496-454de554d43a_7  ,69470e30-0be1-439e-8496-454de554d43a_6  ,
69470e30-0be1-439e-8496-454de554d43a_6  ,69470e30-0be1-439e-8496-454de554d43a_5  ,
69470e30-0be1-439e-8496-454de554d43a_5  ,69470e30-0be1-439e-8496-454de554d43a_4  ,
69470e30-0be1-439e-8496-454de554d43a_4  ,69470e30-0be1-439e-8496-454de554d43a_3  ,
69470e30-0be1-439e-8496-454de554d43a_3  ,69470e30-0be1-439e-8496-454de554d43a_2  ,
69470e30-0be1-439e-8496-454de554d43a_2  ,69470e30-0be1-439e-8496-454de554d43a_1  ,
30b525e9-a961-4634-a2ed-6133921235c6_19 ,30b525e9-a961-4634-a2ed-6133921235c6_18 ,
30b525e9-a961-4634-a2ed-6133921235c6_18 ,30b525e9-a961-4634-a2ed-6133921235c6_17 ,
30b525e9-a961-4634-a2ed-6133921235c6_17 ,30b525e9-a961-4634-a2ed-6133921235c6_16 ,
30b525e9-a961-4634-a2ed-6133921235c6_16 ,30b525e9-a961-4634-a2ed-6133921235c6_15 ,
30b525e9-a961-4634-a2ed-6133921235c6_15 ,30b525e9-a961-4634-a2ed-6133921235c6_14 ,
30b525e9-a961-4634-a2ed-6133921235c6_14 ,8fb55734-5a8e-4796-981e-23f68a91bde1_1  ,
30b525e9-a961-4634-a2ed-6133921235c6_14 ,30b525e9-a961-4634-a2ed-6133921235c6_13 ,
30b525e9-a961-4634-a2ed-6133921235c6_13 ,8fb55734-5a8e-4796-981e-23f68a91bde1_1  ,
30b525e9-a961-4634-a2ed-6133921235c6_13 ,30b525e9-a961-4634-a2ed-6133921235c6_12 ,
30b525e9-a961-4634-a2ed-6133921235c6_12 ,30b525e9-a961-4634-a2ed-6133921235c6_11 ,
30b525e9-a961-4634-a2ed-6133921235c6_11 ,30b525e9-a961-4634-a2ed-6133921235c6_10 ,
30b525e9-a961-4634-a2ed-6133921235c6_10 ,30b525e9-a961-4634-a2ed-6133921235c6_9  ,
30b525e9-a961-4634-a2ed-6133921235c6_9  ,30b525e9-a961-4634-a2ed-6133921235c6_8  ,
30b525e9-a961-4634-a2ed-6133921235c6_8  ,30b525e9-a961-4634-a2ed-6133921235c6_7  ,
30b525e9-a961-4634-a2ed-6133921235c6_7  ,1c728f89-cf85-4329-9749-b05192b60374_0  ,
1c728f89-cf85-4329-9749-b05192b60374_0  ,1c728f89-cf85-4329-9749-b05192b60374_1  ,
1c728f89-cf85-4329-9749-b05192b60374_0  ,30b525e9-a961-4634-a2ed-6133921235c6_6  ,
30b525e9-a961-4634-a2ed-6133921235c6_5  ,30b525e9-a961-4634-a2ed-6133921235c6_6  ,
30b525e9-a961-4634-a2ed-6133921235c6_5  ,30b525e9-a961-4634-a2ed-6133921235c6_4  ,
30b525e9-a961-4634-a2ed-6133921235c6_4  ,30b525e9-a961-4634-a2ed-6133921235c6_3  ,
30b525e9-a961-4634-a2ed-6133921235c6_3  ,30b525e9-a961-4634-a2ed-6133921235c6_2  ,
30b525e9-a961-4634-a2ed-6133921235c6_2  ,30b525e9-a961-4634-a2ed-6133921235c6_1  ,
37e694c4-c835-4725-ad26-687c6c76ea0b_22 ,37e694c4-c835-4725-ad26-687c6c76ea0b_21 ,
37e694c4-c835-4725-ad26-687c6c76ea0b_22 ,37e694c4-c835-4725-ad26-687c6c76ea0b_14 ,
37e694c4-c835-4725-ad26-687c6c76ea0b_22 ,37e694c4-c835-4725-ad26-687c6c76ea0b_15 ,
37e694c4-c835-4725-ad26-687c6c76ea0b_22 ,37e694c4-c835-4725-ad26-687c6c76ea0b_16 ,
37e694c4-c835-4725-ad26-687c6c76ea0b_15 ,37e694c4-c835-4725-ad26-687c6c76ea0b_14 ,
37e694c4-c835-4725-ad26-687c6c76ea0b_15 ,37e694c4-c835-4725-ad26-687c6c76ea0b_8  ,
37e694c4-c835-4725-ad26-687c6c76ea0b_15 ,37e694c4-c835-4725-ad26-687c6c76ea0b_9  ,
37e694c4-c835-4725-ad26-687c6c76ea0b_8  ,37e694c4-c835-4725-ad26-687c6c76ea0b_14 ,
37e694c4-c835-4725-ad26-687c6c76ea0b_8  ,37e694c4-c835-4725-ad26-687c6c76ea0b_7  ,
37e694c4-c835-4725-ad26-687c6c76ea0b_9  ,37e694c4-c835-4725-ad26-687c6c76ea0b_7  ,
37e694c4-c835-4725-ad26-687c6c76ea0b_7  ,37e694c4-c835-4725-ad26-687c6c76ea0b_6  ,
37e694c4-c835-4725-ad26-687c6c76ea0b_8  ,37e694c4-c835-4725-ad26-687c6c76ea0b_6  ,
37e694c4-c835-4725-ad26-687c6c76ea0b_1  ,37e694c4-c835-4725-ad26-687c6c76ea0b_6  ,
1c728f89-cf85-4329-9749-b05192b60374_21 ,1c728f89-cf85-4329-9749-b05192b60374_20 ,
8fb55734-5a8e-4796-981e-23f68a91bde1_21 ,8fb55734-5a8e-4796-981e-23f68a91bde1_20 ,
8fb55734-5a8e-4796-981e-23f68a91bde1_20 ,8fb55734-5a8e-4796-981e-23f68a91bde1_19 ,
8fb55734-5a8e-4796-981e-23f68a91bde1_19 ,8fb55734-5a8e-4796-981e-23f68a91bde1_18 ,
8fb55734-5a8e-4796-981e-23f68a91bde1_18 ,8fb55734-5a8e-4796-981e-23f68a91bde1_17 ,
8fb55734-5a8e-4796-981e-23f68a91bde1_17 ,8fb55734-5a8e-4796-981e-23f68a91bde1_16 ,
8fb55734-5a8e-4796-981e-23f68a91bde1_16 ,8fb55734-5a8e-4796-981e-23f68a91bde1_15 ,
0fa1fd37-db1e-4352-a871-8d260fad4025_3  ,0fa1fd37-db1e-4352-a871-8d260fad4025_4  ,
8fb55734-5a8e-4796-981e-23f68a91bde1_9  ,8fb55734-5a8e-4796-981e-23f68a91bde1_10 ,
8fb55734-5a8e-4796-981e-23f68a91bde1_9  ,8fb55734-5a8e-4796-981e-23f68a91bde1_8  ,
8fb55734-5a8e-4796-981e-23f68a91bde1_8  ,8fb55734-5a8e-4796-981e-23f68a91bde1_7  ,
8fb55734-5a8e-4796-981e-23f68a91bde1_7  ,8fb55734-5a8e-4796-981e-23f68a91bde1_6  ,
8fb55734-5a8e-4796-981e-23f68a91bde1_6  ,8fb55734-5a8e-4796-981e-23f68a91bde1_5  ,
8fb55734-5a8e-4796-981e-23f68a91bde1_5  ,8fb55734-5a8e-4796-981e-23f68a91bde1_4  ,
8fb55734-5a8e-4796-981e-23f68a91bde1_4  ,8fb55734-5a8e-4796-981e-23f68a91bde1_3  ,
1c728f89-cf85-4329-9749-b05192b60374_3  ,1c728f89-cf85-4329-9749-b05192b60374_4  ,
37e694c4-c835-4725-ad26-687c6c76ea0b_21 ,37e694c4-c835-4725-ad26-687c6c76ea0b_20 ,
37e694c4-c835-4725-ad26-687c6c76ea0b_15 ,37e694c4-c835-4725-ad26-687c6c76ea0b_20 ,
37e694c4-c835-4725-ad26-687c6c76ea0b_15 ,0fa1fd37-db1e-4352-a871-8d260fad4025_17 ,
37e694c4-c835-4725-ad26-687c6c76ea0b_14 ,0fa1fd37-db1e-4352-a871-8d260fad4025_17 ,
37e694c4-c835-4725-ad26-687c6c76ea0b_14 ,0fa1fd37-db1e-4352-a871-8d260fad4025_18 ,
37e694c4-c835-4725-ad26-687c6c76ea0b_8  ,37e694c4-c835-4725-ad26-687c6c76ea0b_13 ,
0fa1fd37-db1e-4352-a871-8d260fad4025_19 ,37e694c4-c835-4725-ad26-687c6c76ea0b_13 ,
0fa1fd37-db1e-4352-a871-8d260fad4025_19 ,0fa1fd37-db1e-4352-a871-8d260fad4025_18 ,
0fa1fd37-db1e-4352-a871-8d260fad4025_19 ,37e694c4-c835-4725-ad26-687c6c76ea0b_12 ,
37e694c4-c835-4725-ad26-687c6c76ea0b_13 ,37e694c4-c835-4725-ad26-687c6c76ea0b_12 ,
37e694c4-c835-4725-ad26-687c6c76ea0b_8  ,37e694c4-c835-4725-ad26-687c6c76ea0b_12 ,
37e694c4-c835-4725-ad26-687c6c76ea0b_13 ,37e694c4-c835-4725-ad26-687c6c76ea0b_11 ,
0fa1fd37-db1e-4352-a871-8d260fad4025_18 ,37e694c4-c835-4725-ad26-687c6c76ea0b_13 ,
0fa1fd37-db1e-4352-a871-8d260fad4025_18 ,0fa1fd37-db1e-4352-a871-8d260fad4025_17 ,
37e694c4-c835-4725-ad26-687c6c76ea0b_11 ,37e694c4-c835-4725-ad26-687c6c76ea0b_10 ,
0fa1fd37-db1e-4352-a871-8d260fad4025_17 ,0fa1fd37-db1e-4352-a871-8d260fad4025_16 ,
37e694c4-c835-4725-ad26-687c6c76ea0b_11 ,37e694c4-c835-4725-ad26-687c6c76ea0b_9  ,
37e694c4-c835-4725-ad26-687c6c76ea0b_13 ,37e694c4-c835-4725-ad26-687c6c76ea0b_9  ,
1c728f89-cf85-4329-9749-b05192b60374_16 ,1c728f89-cf85-4329-9749-b05192b60374_15 ,
0fa1fd37-db1e-4352-a871-8d260fad4025_10 ,0fa1fd37-db1e-4352-a871-8d260fad4025_11 ,
1c728f89-cf85-4329-9749-b05192b60374_9  ,1c728f89-cf85-4329-9749-b05192b60374_10 ,
0fa1fd37-db1e-4352-a871-8d260fad4025_16 ,0fa1fd37-db1e-4352-a871-8d260fad4025_15 ,
1c728f89-cf85-4329-9749-b05192b60374_15 ,1c728f89-cf85-4329-9749-b05192b60374_14 ,
0fa1fd37-db1e-4352-a871-8d260fad4025_11 ,0fa1fd37-db1e-4352-a871-8d260fad4025_12 ,
1c728f89-cf85-4329-9749-b05192b60374_10 ,1c728f89-cf85-4329-9749-b05192b60374_11 ,
0fa1fd37-db1e-4352-a871-8d260fad4025_15 ,0fa1fd37-db1e-4352-a871-8d260fad4025_14 ,
1c728f89-cf85-4329-9749-b05192b60374_14 ,1c728f89-cf85-4329-9749-b05192b60374_13 ,
0fa1fd37-db1e-4352-a871-8d260fad4025_12 ,0fa1fd37-db1e-4352-a871-8d260fad4025_13 ,
1c728f89-cf85-4329-9749-b05192b60374_11 ,1c728f89-cf85-4329-9749-b05192b60374_12 ,
0fa1fd37-db1e-4352-a871-8d260fad4025_14 ,1c728f89-cf85-4329-9749-b05192b60374_12 ,
0fa1fd37-db1e-4352-a871-8d260fad4025_14 ,1c728f89-cf85-4329-9749-b05192b60374_13 ,
1c728f89-cf85-4329-9749-b05192b60374_13 ,0fa1fd37-db1e-4352-a871-8d260fad4025_13 ,
0fa1fd37-db1e-4352-a871-8d260fad4025_13 ,1c728f89-cf85-4329-9749-b05192b60374_12 ,
1c728f89-cf85-4329-9749-b05192b60374_9  ,1c728f89-cf85-4329-9749-b05192b60374_8  ,
1c728f89-cf85-4329-9749-b05192b60374_8  ,1c728f89-cf85-4329-9749-b05192b60374_7  ,
1c728f89-cf85-4329-9749-b05192b60374_7  ,1c728f89-cf85-4329-9749-b05192b60374_6  ,
1c728f89-cf85-4329-9749-b05192b60374_6  ,1c728f89-cf85-4329-9749-b05192b60374_5  ,
1c728f89-cf85-4329-9749-b05192b60374_5  ,1c728f89-cf85-4329-9749-b05192b60374_4  ,
0fa1fd37-db1e-4352-a871-8d260fad4025_10 ,0fa1fd37-db1e-4352-a871-8d260fad4025_9  ,
8fb55734-5a8e-4796-981e-23f68a91bde1_15 ,8fb55734-5a8e-4796-981e-23f68a91bde1_14 ,
0fa1fd37-db1e-4352-a871-8d260fad4025_4  ,0fa1fd37-db1e-4352-a871-8d260fad4025_5  ,
8fb55734-5a8e-4796-981e-23f68a91bde1_10 ,8fb55734-5a8e-4796-981e-23f68a91bde1_11 ,
0fa1fd37-db1e-4352-a871-8d260fad4025_9  ,0fa1fd37-db1e-4352-a871-8d260fad4025_8  ,
8fb55734-5a8e-4796-981e-23f68a91bde1_14 ,8fb55734-5a8e-4796-981e-23f68a91bde1_13 ,
0fa1fd37-db1e-4352-a871-8d260fad4025_5  ,0fa1fd37-db1e-4352-a871-8d260fad4025_6  ,
8fb55734-5a8e-4796-981e-23f68a91bde1_11 ,8fb55734-5a8e-4796-981e-23f68a91bde1_12 ,
0fa1fd37-db1e-4352-a871-8d260fad4025_8  ,0fa1fd37-db1e-4352-a871-8d260fad4025_7  ,
8fb55734-5a8e-4796-981e-23f68a91bde1_13 ,0fa1fd37-db1e-4352-a871-8d260fad4025_7  ,
8fb55734-5a8e-4796-981e-23f68a91bde1_13 ,0fa1fd37-db1e-4352-a871-8d260fad4025_6  ,
0fa1fd37-db1e-4352-a871-8d260fad4025_6  ,8fb55734-5a8e-4796-981e-23f68a91bde1_12 ,
8fb55734-5a8e-4796-981e-23f68a91bde1_12 ,0fa1fd37-db1e-4352-a871-8d260fad4025_7  ,
1c728f89-cf85-4329-9749-b05192b60374_16 ,1c728f89-cf85-4329-9749-b05192b60374_17 ,
1c728f89-cf85-4329-9749-b05192b60374_17 ,1c728f89-cf85-4329-9749-b05192b60374_18 ,
1c728f89-cf85-4329-9749-b05192b60374_18 ,1c728f89-cf85-4329-9749-b05192b60374_19 ,
37e694c4-c835-4725-ad26-687c6c76ea0b_6  ,37e694c4-c835-4725-ad26-687c6c76ea0b_5  ,
37e694c4-c835-4725-ad26-687c6c76ea0b_1  ,37e694c4-c835-4725-ad26-687c6c76ea0b_5  ,
1c728f89-cf85-4329-9749-b05192b60374_20 ,1c728f89-cf85-4329-9749-b05192b60374_19 ,
0fa1fd37-db1e-4352-a871-8d260fad4025_19 ,37e694c4-c835-4725-ad26-687c6c76ea0b_14 ,
37e694c4-c835-4725-ad26-687c6c76ea0b_14 ,37e694c4-c835-4725-ad26-687c6c76ea0b_21 ,
1c728f89-cf85-4329-9749-b05192b60374_3  ,1c728f89-cf85-4329-9749-b05192b60374_2  ,
1c728f89-cf85-4329-9749-b05192b60374_2  ,1c728f89-cf85-4329-9749-b05192b60374_1  ,
8fb55734-5a8e-4796-981e-23f68a91bde1_3  ,8fb55734-5a8e-4796-981e-23f68a91bde1_2  ,
8fb55734-5a8e-4796-981e-23f68a91bde1_2  ,8fb55734-5a8e-4796-981e-23f68a91bde1_1  ,
0fa1fd37-db1e-4352-a871-8d260fad4025_3  ,0fa1fd37-db1e-4352-a871-8d260fad4025_2  ,
0fa1fd37-db1e-4352-a871-8d260fad4025_2  ,0fa1fd37-db1e-4352-a871-8d260fad4025_1  ,
8fb55734-5a8e-4796-981e-23f68a91bde1_21 ,8fb55734-5a8e-4796-981e-23f68a91bde1_22 ,
8fb55734-5a8e-4796-981e-23f68a91bde1_22 ,8fb55734-5a8e-4796-981e-23f68a91bde1_23 ,
8fb55734-5a8e-4796-981e-23f68a91bde1_23 ,8fb55734-5a8e-4796-981e-23f68a91bde1_24 ,
1c728f89-cf85-4329-9749-b05192b60374_21 ,1c728f89-cf85-4329-9749-b05192b60374_22 ,
1c728f89-cf85-4329-9749-b05192b60374_22 ,1c728f89-cf85-4329-9749-b05192b60374_23 ,
37e694c4-c835-4725-ad26-687c6c76ea0b_2  ,37e694c4-c835-4725-ad26-687c6c76ea0b_1  ,
37e694c4-c835-4725-ad26-687c6c76ea0b_3  ,37e694c4-c835-4725-ad26-687c6c76ea0b_2  ,
37e694c4-c835-4725-ad26-687c6c76ea0b_4  ,37e694c4-c835-4725-ad26-687c6c76ea0b_3  ,
37e694c4-c835-4725-ad26-687c6c76ea0b_17 ,37e694c4-c835-4725-ad26-687c6c76ea0b_16 ,
37e694c4-c835-4725-ad26-687c6c76ea0b_18 ,37e694c4-c835-4725-ad26-687c6c76ea0b_17 ,
37e694c4-c835-4725-ad26-687c6c76ea0b_19 ,37e694c4-c835-4725-ad26-687c6c76ea0b_18 ,