meter id,ResStock_ids,cvrmses,cvrmses_month,percent_errs_cooling,percent_errs_heating,peak_htg_hr_diffs,peak_clg_hr_diffs,costs
6000973858,[13761],[0.8043237466893888],[0.2386941743116078],[0.08541846313340556],[0.05297519987879825],[2.0],[1.0],[0.0033453275637905107]
6000973865,[139488],[0.8465657569869366],[0.26783754882306116],[0.08826230814844155],[0.14407488515693614],[1.0],[1.0],[0.004543110695084207]
6000973884,[483031],[1.1766695373203715],[0.14530217913461768],[0.04689310362108548],[0.039254872594854676],[1.0],[1.0],[0.005579890903518809]
6000973888,[182528],[0.9687557040127385],[0.11508037731440166],[0.05037544664213248],[0.05171599117679144],[11.0],[2.0],[0.0034784816643965216]
6000973894,[],[],[],[],[],[],[],[]
6000973901,[269317],[0.5211125178494586],[0.17895413319023676],[0.3040793772848674],[0.021969336466222428],[1.0],[1.0],[0.005279623422764385]
6000973916,[381285],[0.770003657956613],[0.17654729591990603],[0.17924109820452122],[0.0022097499713169496],[9.0],[1.0],[0.00665055152020198]
6000973941,[269129],[0.8195008312801738],[0.2214238192032268],[0.0012360535318809973],[0.01706696488340102],[2.0],[1.0],[0.011126701191293002]
6000973949,[397621],[0.7109960947443276],[0.24355420543997855],[0.0012274839953778866],[0.28978472376037867],[1.0],[10.0],[0.004647561864924154]
6000973966,[301424],[0.7850730944415429],[0.16162080680055835],[0.193058595311649],[0.10367673907510504],[1.0],[1.0],[0.003478981020896231]
6000973997,[234429],[0.9388317079038646],[0.08554786100189707],[0.04464910958500623],[0.15014907673932232],[1.0],[2.0],[0.0034367838321481088]
6000974002,[69878],[0.6707847556287952],[0.1689155590926759],[0.10514594906308497],[0.02854165363918036],[5.0],[4.0],[0.006965497090619272]
6000974025,[205267],[0.9541433444338734],[0.2070508596986061],[0.023232140829303582],[0.15654314996399887],[1.0],[11.0],[0.015535453030267444]
6000974035,[329283],[1.0546987989977128],[0.1222261957859478],[0.06823566341874909],[0.007116091647510514],[2.0],[5.0],[0.0033431506468888043]
6000974573,[],[],[],[],[],[],[],[]
6000974582,[240439],[1.1442224620580597],[0.3170209357662595],[0.04223337178042654],[0.22423879879274747],[11.0],[12.0],[0.008754047945876588]
6000974613,[279322],[0.7057264864971843],[0.1585940325663163],[0.2688814235247781],[0.15798938718744202],[10.0],[11.0],[0.008949953856570436]
6000974626,[],[],[],[],[],[],[],[]
6000974635,[183068],[0.9327439289430336],[0.23101446119895983],[0.030557268641707398],[0.011304454197528346],[1.0],[1.0],[0.0033971776511848]
6000974664,[381285],[0.821258971205455],[0.17744867318690916],[0.28775629228041333],[0.14539429616452737],[1.0],[12.0],[0.016447237385966734]
6000974673,[59156],[1.1242637932018167],[0.4046055001434839],[0.32996464249839486],[0.12134988604930484],[2.0],[9.0],[0.011133051728375781]
6000974688,[381285],[0.9035292764687353],[0.22088206395840734],[0.2778603198521421],[0.003296978291404852],[10.0],[3.0],[0.016983514351565632]
6000974703,[381285],[0.665257373428034],[0.1616132981221711],[0.11039086458607444],[0.03752160133382314],[1.0],[4.0],[0.003911614670741831]
6000974709,[59156],[1.012167215576589],[0.2716637770644648],[0.0554405904516207],[0.08508575733917861],[2.0],[2.0],[0.013531368389634875]
6000974722,[512197],[0.5755102393028443],[0.20507521461532346],[0.0975513979040223],[0.09663254681794176],[0.0],[11.0],[0.0025013084866806765]
6000974745,[325136],[0.4915182072220734],[0.14632376482835763],[0.08782504903520896],[0.14482542539326018],[0.0],[5.0],[0.007391865274826938]
6000974749,[437117],[0.6575931067452252],[0.1377505772608961],[0.3942394351103666],[0.32955512467719766],[1.0],[11.0],[0.017147740325221546]
6000974767,[279322],[0.6819819538393463],[0.1828686218871399],[0.24790899035819572],[0.06333805251920441],[8.0],[12.0],[0.00776728433973944]
6000978076,[414453],[0.7166149623343125],[0.17975750649199929],[0.021469417066567298],[0.0001465692590729557],[11.0],[10.0],[0.006839297887369994]
6000978110,[182528],[0.9122122033245352],[0.20803732469168856],[0.06028846607307712],[0.08873535358844106],[7.0],[4.0],[0.01123790030433854]
6000978127,[291004],[0.55103680458411],[0.12905829906714603],[0.031118194784499065],[0.04326069572346106],[11.0],[11.0],[0.0007789879767641816]
6000978295,[467301],[0.6139745138643337],[0.23856033340775332],[0.135777470755389],[0.06296648703225106],[12.0],[4.0],[0.015011164303307872]
6000978332,[301762],[1.0078821598662953],[0.14229561178841782],[0.1485050192728313],[0.08765833003717938],[0.0],[2.0],[0.01047914213498341]
6000978347,[381285],[0.836138879456025],[0.5166333338841824],[0.03392773948021893],[0.17019185811746929],[7.0],[0.0],[0.0045093103779493505]
6000978403,[],[],[],[],[],[],[],[]
6000978414,[],[],[],[],[],[],[],[]
6000978428,[458439],[1.102416196168386],[0.42015167779925977],[0.10011143148355295],[0.15994766264184934],[1.0],[1.0],[0.006297879263063364]
6000978457,[151069],[0.8612599957095778],[0.19711374483484853],[0.10373868731327539],[0.12739369434452089],[1.0],[1.0],[0.003664623104068076]
6000978474,[],[],[],[],[],[],[],[]
6000978519,[414453],[0.7687648618702632],[0.2200369820036285],[0.02938083207908092],[0.022673058906623935],[0.0],[2.0],[0.006351819115671427]
6000978531,[534907],[1.1473468088485503],[0.21690523507880194],[0.0029776789261255253],[0.04232744723678449],[1.0],[0.0],[0.00218923921303423]
6000978547,[],[],[],[],[],[],[],[]
6000978557,[281716],[0.78910395677881],[0.2392186569954992],[0.35614555572338863],[0.16301497351030597],[3.0],[5.0],[0.0053958761812022225]
6000978567,[],[],[],[],[],[],[],[]
6000978580,[],[],[],[],[],[],[],[]
6000978593,[200729],[0.8549262865576018],[0.4488210881625161],[0.04945755637658855],[0.19099485975539998],[7.0],[2.0],[0.004151002953428725]
6000978614,[113386],[1.1577954290855437],[0.17165789949179222],[0.04743395118814172],[0.08128827598151228],[2.0],[2.0],[0.0010724923164649285]
6000978625,[264151],[0.9398667660685887],[0.2423397553797533],[0.009944127051281448],[0.03771747788010665],[1.0],[1.0],[0.005029071895714966]
6000978643,[391384],[1.0188623462249293],[0.14628888772281204],[0.0017698322060523545],[0.32677475657751026],[1.0],[6.0],[0.0031941610213354747]
6000978655,[96149],[0.8257599931998282],[0.14505263678163252],[0.11434847259422543],[0.007808538416519404],[0.0],[5.0],[0.009412670626610036]
6000978672,[277866],[0.5872627553185151],[0.16878865303279297],[0.04220384183311369],[0.00376414666198372],[0.0],[2.0],[0.00016020743892136203]
6000978689,[406843],[0.7520424732004166],[0.20185333851424997],[0.026426787201614947],[0.06683573665541627],[2.0],[1.0],[0.0012534901249834152]
6000978704,[443973],[1.0045198042772079],[0.29251203711605694],[0.4318645520513866],[0.7620863200896796],[1.0],[2.0],[0.004927727536477105]
6000978711,[35310],[1.0407223789229223],[0.4481122485350039],[0.09175917903299798],[0.29262776963762543],[10.0],[0.0],[0.0017750651679434982]
6000978735,[],[],[],[],[],[],[],[]
6000978763,[439301],[1.0199749319277505],[0.20250466869115188],[0.001095603449775915],[0.0006348783867202872],[5.0],[6.0],[0.0030326255919485502]
6000978908,[488479],[0.7669401570794344],[0.33364456702736384],[0.019843706803551332],[0.013584778091339848],[1.0],[3.0],[0.0009426818345421007]
6000978924,[178922],[0.5034397661114123],[0.16562583399678404],[0.300025822824744],[0.07485965083889194],[2.0],[9.0],[0.0017245986334029615]
6000978937,[183068],[0.8540751081003498],[0.20872752755697158],[0.026631555951502458],[0.44265246451199286],[2.0],[1.0],[0.004709727231340322]
6000979007,[],[],[],[],[],[],[],[]
6000979190,[139488],[1.0940225060800681],[0.4657643813359713],[0.02346521490064385],[0.012184180957786865],[0.0],[5.0],[0.008358835378384484]
6000979211,[263908],[1.1382905331149356],[0.4498352892699007],[0.0005024966710208709],[0.1937929046795646],[5.0],[12.0],[0.011949152013330836]
6000979217,[263908],[1.1706618941800464],[0.19834355509874746],[0.07023793987702694],[0.025277194269175747],[8.0],[10.0],[0.003924820686888292]
6000979240,[35310],[0.5524986486181194],[0.13926070728635093],[0.18004441305292954],[0.06379558371473192],[2.0],[3.0],[0.0017928936273885138]
6000979255,[],[],[],[],[],[],[],[]
6000979269,[110442],[0.6252491763480956],[0.10154827911882959],[0.49455472170744175],[0.2739017472080812],[0.0],[0.0],[0.006573789772884205]
6000979282,[272302],[0.6811638474236956],[0.22992929039919818],[0.003638103174423934],[0.0319431147108313],[2.0],[1.0],[0.0031386600598306957]
6000979300,[339385],[0.9975800923647591],[0.1917138701550271],[0.003650172931749559],[0.046030035835251004],[0.0],[2.0],[0.0032174653765428937]
6000979329,[],[],[],[],[],[],[],[]
6000979394,[],[],[],[],[],[],[],[]
6000979423,[475067],[0.8226054609272819],[0.1819514431812501],[0.1308356051131007],[0.03781558803368643],[1.0],[10.0],[0.003103380843145502]
6000979429,[75910],[0.9674812044934278],[0.3684108962810041],[0.2221464129756485],[0.1097127806160818],[9.0],[10.0],[0.008364009146091103]
6000979449,[173040],[0.7854907463406074],[0.12169815987301368],[0.07723318379516551],[0.11420388670299798],[1.0],[1.0],[0.005163437385025689]
6000979463,[],[],[],[],[],[],[],[]
6000979488,[301424],[0.8289027214451571],[0.4264639102169889],[0.031742875115020164],[0.036315854554649175],[1.0],[0.0],[0.003224532665781683]
6000979503,[294164],[1.0773944531081339],[0.18810169767048668],[0.04665557386952606],[0.10275437257923507],[1.0],[2.0],[0.008555994966836797]
6000979517,[43442],[0.7621665448557157],[0.19177949415252293],[0.03511714964323455],[0.11057269470076211],[0.0],[1.0],[0.003518871898246666]
6000979530,[458439],[0.9402238846821049],[0.1365380689076956],[0.038592994747551894],[0.16211629536156094],[2.0],[0.0],[0.004879685501187781]
6000979570,[437744],[0.6680358674596223],[0.16207466042350202],[0.044715372179256745],[0.4286491552444131],[2.0],[1.0],[0.003856252820105659]
6000979585,[487330],[0.6727182406228588],[0.3190915971352492],[0.1318746299060262],[0.2362729201434867],[1.0],[5.0],[0.021421031308710384]
6000979603,[],[],[],[],[],[],[],[]
6000980885,[479755],[0.6650563231796317],[0.21263324861400176],[0.08131943156219576],[0.08487398936239951],[0.0],[1.0],[0.0172077899850425]
6000980898,[],[],[],[],[],[],[],[]
6000980914,[],[],[],[],[],[],[],[]
6000980928,[207249],[0.9327830854611905],[0.23610546789436693],[0.0034685510287240117],[0.0723474554330126],[8.0],[6.0],[0.003972591934323629]
6000980935,[105312],[0.7482731179979185],[0.2878508219811439],[0.4155036699387038],[0.14317483279883356],[11.0],[2.0],[0.004059116639104557]
6000980942,[326184],[1.110061649447452],[0.16842519755135701],[0.05665650433545298],[0.356254147772069],[2.0],[3.0],[0.0032792259258528885]
6000980971,[211085],[1.1780644454808562],[0.1790957559688837],[0.01401643826399682],[0.10396541516121834],[1.0],[6.0],[0.0034550577908217714]
6000981005,[255498],[0.8563523263860191],[0.3084223805075597],[0.008075223952547866],[0.15576070026198593],[1.0],[2.0],[0.003205863448478164]
6000981068,[57119],[1.0155980337201356],[0.31065402362669303],[0.09143731489075635],[0.021725694357346396],[2.0],[12.0],[0.001563955395432786]
6000981074,[433185],[1.0328003346224033],[0.538254686203834],[0.01697352635922771],[0.036211943556528084],[8.0],[1.0],[0.0072514506801776395]
6000981083,[207291],[1.180212511843315],[0.6869754390281042],[0.01235788060083535],[0.05151618384468375],[3.0],[4.0],[0.00572234303819826]
6000981095,[110442],[1.023085850671893],[0.2894037647227928],[0.24225174966491303],[0.3065998988936399],[0.0],[1.0],[0.009108174119143372]
6000981104,[130689],[1.1488127025813286],[0.2568773799148443],[0.0004991983600701558],[0.0939114630811775],[1.0],[3.0],[0.0019598820992708767]
6000981128,[],[],[],[],[],[],[],[]
6000981167,[7612],[0.8613587114143015],[0.4437361289717518],[0.09140804966916756],[0.018570680347686608],[2.0],[2.0],[0.0028298928001423366]
6000981189,[92025],[0.824913042164547],[0.22800277294933002],[0.023956324729878638],[0.45149646517205605],[2.0],[8.0],[0.005623508424618004]
6000981223,[222369],[0.7943772677794224],[0.2984141950664575],[0.003626874047749573],[0.1128739706628046],[8.0],[8.0],[0.0013650108537882678]
6000981239,[],[],[],[],[],[],[],[]
6000981252,[21336],[0.5982570731868417],[0.16783668751964087],[0.03728908395417024],[0.00843400100168129],[2.0],[2.0],[0.0008477483981812298]
6000981264,[151069],[0.7891892121323455],[0.17438263669535126],[0.005661386434412659],[0.16810369893244612],[1.0],[1.0],[0.005768802509227643]
6000981276,[13761],[0.7279877951689876],[0.21546326607248428],[0.03791453003826531],[0.03669238069015653],[2.0],[0.0],[0.003946000019889706]
6000981294,[125602],[0.9426469032847381],[0.1509829052796654],[0.006280847419532183],[0.2608952107496666],[2.0],[1.0],[0.00329191313042928]
6000981310,[71681],[1.0710083693748418],[0.24608889212003626],[0.02702550343671774],[0.08324793306272152],[1.0],[2.0],[0.0024320320351410643]
6000981324,[43442],[1.0246207277136339],[0.17694925046915105],[0.15156002878494748],[0.05387915414001546],[1.0],[0.0],[0.0040454907663441675]
6000981353,[66159],[1.1264979060947027],[0.380478208927541],[0.10949356107889183],[0.46740430209243194],[1.0],[1.0],[0.007039133281110723]
6000981383,[80184],[0.6679918593889963],[0.1283870331979746],[0.1168994189474284],[0.7723456169430365],[3.0],[2.0],[0.007255431352055705]
6000981402,[438421],[0.9610461538731537],[0.2147710173066901],[0.014239476229881549],[0.15610019162850003],[1.0],[1.0],[0.006365972680215033]
6000981427,[80184],[0.8438887167289216],[0.4319406385937458],[0.03213304624793652],[0.13353476541504536],[8.0],[2.0],[0.0020935863232857893]
6000981444,[130689],[1.0725308080381122],[0.19921004801827294],[0.08626216064860377],[0.14191712600607298],[5.0],[0.0],[0.0029798213430260517]
6000981462,[397621],[0.7673918714972195],[0.21560159511895427],[0.13304125861177735],[0.059700533693393225],[10.0],[3.0],[0.007473306731472846]
6000981490,[183068],[1.0233423690352597],[0.3864725186406951],[0.04231393985526012],[0.042075007500379444],[1.0],[1.0],[0.002841350805540564]
6000981504,[],[],[],[],[],[],[],[]
6000981530,[421272],[0.7339227486999784],[0.1653249935693853],[0.17906716212816248],[0.0017645730518801787],[1.0],[2.0],[0.0026195587314802506]
6000981551,[101822],[0.66730054453303],[0.24803150354514603],[0.23225999925443175],[0.024299778943944042],[0.0],[4.0],[0.0058876332167687555]
6000981586,[263908],[1.168827214943347],[0.33267275448760036],[0.13316566940515723],[0.06492827328682287],[2.0],[0.0],[0.00752961508296528]
6000981600,[],[],[],[],[],[],[],[]
6000981615,[285282],[0.6866118926229746],[0.21685561889970315],[0.2341613146573102],[0.15103613624635553],[0.0],[4.0],[0.002517836848766141]
6000981626,[509639],[0.7905674302844115],[0.28137650664387603],[0.1995894760231369],[0.13948772942437318],[3.0],[3.0],[0.0013669905085559706]
6000981644,[],[],[],[],[],[],[],[]
6000981661,[437117],[0.511222819189674],[0.15119936874163456],[0.2606368512568045],[0.0656366687160586],[1.0],[5.0],[0.0038600144177691506]
6000981713,[206697],[0.6030914965475248],[0.23816227744528048],[0.1831306783288997],[0.11158253046830215],[0.0],[11.0],[0.004699297855901088]
6000981730,[419466],[0.6897688053174668],[0.3710826224048857],[0.2057122441557334],[0.025983979097743668],[0.0],[2.0],[0.0032637997865909993]
6000981744,[],[],[],[],[],[],[],[]
6000981752,[57119],[0.9963077393018439],[0.17515771199777083],[0.05685416545134714],[0.06092082003988717],[11.0],[2.0],[0.0015683184332129095]
6000981768,[375330],[0.6878658904080688],[0.1982652437786134],[0.035549750443658205],[0.10096032673561113],[3.0],[4.0],[0.0036851081443209774]
6000981794,[],[],[],[],[],[],[],[]
6000981805,[205267],[0.8503882554851028],[0.25472867955119016],[0.02279308873903399],[0.4257667432137454],[0.0],[0.0],[0.019592396178429367]
6000981812,[467301],[0.49170997749542084],[0.11068547892017133],[0.14088907829737873],[0.018762419146246854],[2.0],[3.0],[0.0032774288325636593]
6000981826,[211085],[1.2448871081007116],[0.13449718801395164],[0.0514189567523989],[0.03958568929961553],[2.0],[5.0],[0.0026727955347238368]
6000981847,[59156],[0.9405235889436298],[0.1900612653349212],[0.13129565474926297],[0.24778532100012993],[1.0],[2.0],[0.009744804910692611]
6000981857,[],[],[],[],[],[],[],[]
6000981895,[281716],[0.7069085749920901],[0.11648785844267785],[0.2625294997444576],[0.08668631386409067],[2.0],[2.0],[0.0033413883077498506]
6000981909,[182528],[1.0050578969647734],[0.28257090690981934],[0.021828688931611346],[0.03194439734028949],[11.0],[10.0],[0.0073521928394692185]
6000981923,[381285],[0.926057342540487],[0.32159394115587053],[0.08904185658202744],[0.0099791320323847],[1.0],[10.0],[0.0044395482150174845]
6000981937,[381285],[0.8803939955425594],[0.13931407091548226],[0.12474304039215771],[0.05349851185669727],[0.0],[11.0],[0.004692851600792244]
6000981956,[98895],[0.994344699700842],[0.16548840439228926],[0.008196141992525585],[0.044167820211422536],[3.0],[0.0],[0.001513013979080133]
6000981969,[475067],[0.7653518964243863],[0.15367828224663374],[0.16820938019884613],[0.022680568960502696],[2.0],[3.0],[0.0064756368709639155]
6000981983,[],[],[],[],[],[],[],[]
6000981995,[397621],[0.6971500847109802],[0.26123709522583316],[0.09554451383226709],[0.14746365079371623],[0.0],[5.0],[0.011962123790868374]
6000982002,[205267],[0.9844094327111768],[0.24658771019720377],[0.08995625160559399],[0.2701035201932598],[8.0],[0.0],[0.01846143066015964]
6000982032,[381285],[0.8982754872478588],[0.3188118659424458],[0.0562997081261366],[0.01767411249533139],[6.0],[7.0],[0.012005168477900712]
6000982045,[461496],[0.967833371150086],[0.2021298413763979],[0.08283128881492945],[0.05713647409701095],[1.0],[2.0],[0.0044468185398815925]
6000982075,[285282],[0.6811900393194978],[0.13541318894990076],[0.20391871789839341],[0.08533565711151946],[2.0],[5.0],[0.0019917548003447264]
6000982093,[171668],[0.9811766859447706],[0.24703926049611347],[0.013290350188292478],[0.03088209378513329],[1.0],[1.0],[0.015268076473542695]
6000982108,[453251],[0.9140604901621574],[0.1608422168913757],[0.08364482359963486],[0.14998147469979195],[2.0],[2.0],[0.00409552043434323]
6000982117,[125602],[1.2010566171949253],[0.24706308599710555],[0.02143208116950457],[0.07553509030142831],[0.0],[6.0],[0.006128594076123046]
6000982132,[465328],[0.7955319875460527],[0.295998833702259],[0.016455032844425555],[0.09388440579203444],[1.0],[4.0],[0.003162495891123371]
6000982173,[56805],[0.6475700246352749],[0.22964810179716771],[0.06287072435894782],[0.21402713107881738],[0.0],[1.0],[0.01022994534164874]
6000983166,[409356],[0.8477775258136896],[0.11841626514964394],[0.08435631925043054],[0.11094513225774756],[0.0],[1.0],[0.002590604026881536]
6000983181,[],[],[],[],[],[],[],[]
6000983187,[63725],[1.032929637512537],[0.21994172429743844],[0.12671041268575073],[0.0014757246041903118],[1.0],[1.0],[0.006718452480831143]
6000983198,[488479],[0.6967321536353658],[0.22569963394936324],[0.04555503017753115],[0.019024622264311387],[0.0],[3.0],[0.008111674387255846]
6000983237,[],[],[],[],[],[],[],[]
6000983264,[71681],[0.9114823014947941],[0.14280597444147797],[0.08257722255843336],[0.06816594902043124],[3.0],[2.0],[0.0025097274387517114]
6000983288,[],[],[],[],[],[],[],[]
6000983303,[],[],[],[],[],[],[],[]
6000983360,[437744],[0.9223269865100012],[0.34162565346044055],[0.023598234255102348],[0.02170157159875353],[2.0],[1.0],[0.0009518064907457958]
6000983392,[212637],[1.1818060803865977],[0.2039583801860223],[0.08259459490077002],[0.03105395413993747],[11.0],[2.0],[0.00600740130917848]
6000983409,[222369],[0.8422338166195867],[0.18404408687795426],[0.1251625725160624],[0.19464951401298955],[4.0],[4.0],[0.003641083933995204]
6000983455,[277866],[0.5694598561494438],[0.21044993667768075],[0.1409212399380968],[0.26998904816461006],[3.0],[6.0],[0.0010395055577776245]
6000983464,[71681],[1.1458442720238609],[0.22710340177108995],[0.021084258601696496],[0.017269654378199044],[1.0],[1.0],[0.0024290313151993227]
6000983482,[],[],[],[],[],[],[],[]
6000983533,[303288],[0.7036039402055704],[0.1504984868023599],[0.02409128114663454],[0.671894662321743],[1.0],[0.0],[0.006746903993491009]
6000983546,[267357],[1.197543294369315],[0.15248612158782593],[0.03389009604217531],[0.06381200582737113],[12.0],[12.0],[0.0023304492839660413]
6000983559,[133111],[0.973933468455307],[0.15888463922234336],[0.002957523223375486],[0.08768558990836305],[10.0],[5.0],[0.003306101163298304]
6000983623,[207534],[0.9691769473050648],[0.18156741737547744],[0.1368897117409259],[0.2832300989392714],[0.0],[2.0],[0.004346561659844263]
6000983643,[264151],[0.9569439344384784],[0.20371425770868995],[0.00697825093522376],[0.08536176060980552],[3.0],[2.0],[0.0035016426242843357]
6000983662,[212174],[1.233820414982139],[0.17640893396550855],[0.020929372326850146],[0.15115662652600373],[1.0],[2.0],[0.004935944335522759]
6000983754,[228135],[0.8327788783861879],[0.19245988783903673],[0.012862977012332848],[0.14428754061599008],[8.0],[5.0],[0.015452927718462031]
6000983766,[246807],[1.132580755356604],[0.1989083867029674],[0.032871548539711005],[0.12196832858659723],[1.0],[2.0],[0.0018981475017057054]
6000983779,[],[],[],[],[],[],[],[]
6000983812,[438421],[1.126901478838273],[0.14182311222004057],[0.02013011258406782],[0.038186353909411774],[0.0],[1.0],[0.0027962610558158645]
6000983840,[128133],[0.9800612143410161],[0.21779439435417267],[0.2659931964766638],[0.039545647291991656],[0.0],[0.0],[0.003631165516492372]
6000983868,[31375],[0.8890521680815694],[0.10011575279946151],[0.20185663644221383],[0.30815797456988164],[1.0],[2.0],[0.009647358869381464]
6000983900,[],[],[],[],[],[],[],[]
6000983921,[103360],[1.2291521950238349],[0.24193329574312927],[0.08841228151816176],[0.10470345219724182],[0.0],[2.0],[0.006880849202165137]
6000983937,[534907],[1.0373338095401468],[0.1649788283425179],[0.10924143401411787],[0.003564880565790446],[7.0],[6.0],[0.004487555007473713]
6000983952,[],[],[],[],[],[],[],[]
6000983991,[184851],[0.9298179642576977],[0.1301574011390671],[0.04545641117816155],[0.06018465608257091],[12.0],[3.0],[0.00422532533143864]
6000984007,[303288],[0.7017335256397556],[0.11082366933955246],[0.042630887881179025],[0.1704959677987509],[1.0],[1.0],[0.006410365798109298]
6000984054,[218118],[0.8476405466886995],[0.11774010704798939],[0.029077999253089744],[0.43253668384074234],[11.0],[2.0],[0.005733730463258091]
6000984067,[200729],[0.8896245405057239],[0.16205483201306695],[0.11973925037589551],[0.00819060753637759],[2.0],[4.0],[0.005279747159312756]
6000984082,[519907],[1.0630399689744763],[0.16635264083108242],[0.17053459956699585],[0.07506449151091434],[1.0],[1.0],[0.00680600164280044]
6000984123,[98895],[0.9765944465028336],[0.1751597402821972],[0.0015195566037398444],[0.010787143211559658],[1.0],[2.0],[0.0028781243777133464]
6000984145,[386007],[0.7828987774417039],[0.14216600604047971],[0.018546929270749468],[0.053422787455561664],[2.0],[2.0],[0.006139461957154891]
6000984162,[173040],[0.5679652318013954],[0.113191521102022],[0.07725569249884907],[0.03134011130943146],[10.0],[0.0],[0.013083308814282558]
6000984196,[301424],[0.7762982959264062],[0.09499470435247186],[0.1706270763772742],[0.3528247959194967],[1.0],[0.0],[0.004858031231791416]
6000984211,[239532],[1.050402011351453],[0.3826576722153829],[0.07836626459645783],[0.05598538124659631],[1.0],[1.0],[0.005907104591948472]
6000984221,[548817],[0.8450701951529423],[0.15395174454208424],[0.10109995861976445],[0.07860219950829511],[1.0],[3.0],[0.00454067752801079]
6000984250,[461496],[0.7884965157504668],[0.23183789851013348],[0.06290832976005144],[0.134846879441569],[7.0],[4.0],[0.0070859218396176135]
6000984286,[31538],[0.46534952522682344],[0.17278865646115654],[0.15459893273095235],[0.03650398977683267],[11.0],[9.0],[0.0035772169569796303]
6000984322,[225480],[0.6720837883102794],[0.2524116902913019],[0.24026396739761216],[0.19860699401044643],[12.0],[0.0],[0.012335497335793363]
6000984337,[349059],[0.538168346317394],[0.4163120865838418],[0.1915345759291257],[0.10009292211421282],[11.0],[11.0],[0.0008179922986513368]
6000984369,[],[],[],[],[],[],[],[]
6000984386,[301424],[0.6972337727675942],[0.17060446079803804],[0.017323648009461186],[0.10869195055458077],[0.0],[0.0],[0.002232926334813607]
6000984400,[484554],[0.898253850515423],[0.17605002537321834],[0.11976833208579789],[0.027466574837945443],[1.0],[1.0],[0.005275986354482108]
6000984503,[],[],[],[],[],[],[],[]
6000984518,[57119],[0.8120045492709791],[0.14746247524006212],[0.1346853165658094],[0.05077345245093313],[0.0],[2.0],[0.0031495769782339646]
6000984545,[475546],[0.7665273455612832],[0.2610322556327264],[0.10047646219872251],[0.21544045080162408],[3.0],[1.0],[0.0019263448425896794]
6000984564,[438492],[1.2209829922801017],[0.13257429376189334],[0.015683000612487584],[0.08199250647546676],[4.0],[3.0],[0.0017257849294129552]
6000984573,[35310],[0.6684589568249906],[0.21385313141498136],[0.11015973207493941],[0.06082603939237566],[2.0],[3.0],[0.0021911768802398072]
6000984593,[],[],[],[],[],[],[],[]
6000984600,[],[],[],[],[],[],[],[]
6000984628,[35310],[0.8009031055710514],[0.23511942418506696],[0.12603848490861128],[0.04790648000890609],[2.0],[3.0],[0.0011591255200143762]
6000984644,[],[],[],[],[],[],[],[]
6000984657,[151069],[1.0105965875705],[0.261947645701079],[0.06347924287391873],[0.1335199203859354],[7.0],[2.0],[0.0059548241470029194]
6000984671,[],[],[],[],[],[],[],[]
6000984712,[88300],[0.6511554338192336],[0.17686473533866404],[0.07665811484110462],[0.4376121576146185],[0.0],[0.0],[0.004286927699784138]
6000984726,[],[],[],[],[],[],[],[]
6000984768,[],[],[],[],[],[],[],[]
6000984784,[],[],[],[],[],[],[],[]
6000984855,[240439],[0.9682047389410475],[0.24847580901775052],[0.012317751628130898],[0.001124649486382797],[2.0],[4.0],[0.0029934765259166905]
6000984885,[],[],[],[],[],[],[],[]
6000984893,[],[],[],[],[],[],[],[]
6000984898,[417947],[0.5405201425914113],[0.18662454309833257],[0.36600468641491085],[0.1679987549103738],[2.0],[4.0],[0.006796218565382163]
6000988176,[414453],[0.7677899446933912],[0.1879379270335772],[0.09609834709049463],[0.04124123730808076],[0.0],[1.0],[0.007531475741867506]
6000988203,[212637],[1.1982200541986547],[0.25907523975416824],[0.0059258020710440335],[0.011282386599755043],[2.0],[0.0],[0.0038076927003426286]
6000989067,[324321],[0.7021399555031834],[0.11965603331316332],[0.11092896901105649],[0.02463657934070452],[0.0],[1.0],[0.0036616394082408456]
6000989106,[13761],[0.8721700418474888],[0.1557057363018948],[0.018667829598397884],[0.5482395813778189],[1.0],[7.0],[0.008443363587134167]
6000989124,[58658],[0.5189362493692455],[0.15315530825065696],[0.3167250635819515],[0.1543135254952597],[2.0],[1.0],[0.010147634825970364]
6000989139,[],[],[],[],[],[],[],[]
6000989153,[512197],[0.7848903184859561],[0.28206429868601307],[0.01157127337794063],[0.16974610168298365],[8.0],[2.0],[0.005784385380897113]
6000989184,[531859],[1.0261445952205892],[0.21833442350103266],[0.06085462451430317],[0.07667881570421524],[2.0],[9.0],[0.004944398943808436]
6000989225,[],[],[],[],[],[],[],[]
6000989230,[],[],[],[],[],[],[],[]
6000989235,[443973],[1.1414801166189796],[0.26936693943846346],[0.5746345719536611],[0.634030854541152],[4.0],[7.0],[0.00525541155971072]
6000989243,[303537],[1.2332081357070508],[0.45872302140347315],[0.10679481873347658],[0.5312835980926982],[9.0],[3.0],[0.0031519017838195205]
6000989257,[475546],[0.6653112931585541],[0.24292310520183252],[0.07536025268830043],[0.1416476361619154],[3.0],[3.0],[0.0026466262258255098]
6000989270,[207249],[0.8338191260544686],[0.10390608670105947],[0.019128072364765814],[0.23981122127606147],[1.0],[0.0],[0.003696115571386552]
6000989300,[],[],[],[],[],[],[],[]
6000989328,[304172],[1.1461401060761525],[0.19480807802015185],[0.16613494761233608],[0.14701664052184765],[3.0],[2.0],[0.0047649233298188]
6000989382,[277866],[0.5607872179788108],[0.10059861851662105],[0.34225827202661435],[0.052025061124945184],[0.0],[2.0],[0.0019924537915564752]
6000989410,[],[],[],[],[],[],[],[]
6000989427,[],[],[],[],[],[],[],[]
6000989456,[151069],[0.977575189401232],[0.19652430547148858],[0.05964989760275141],[0.0038337320843879795],[11.0],[10.0],[0.006830115108885862]
6000989494,[361850],[1.1535756796563477],[0.14715811997010933],[0.5207434611849844],[0.5511591547017096],[1.0],[3.0],[0.0045847776378559624]
6000989502,[144326],[0.9440873943261375],[0.159723673010086],[0.03984893402092209],[0.07553795693037209],[3.0],[2.0],[0.0031778155932833314]
6000989516,[126104],[0.8389223425891512],[0.2932323271663158],[0.05175027677687486],[0.30559638265472394],[9.0],[9.0],[0.006365856529392728]
6000989527,[324321],[0.6331784098652605],[0.25221292839612625],[0.13881147275148778],[0.0548621422640275],[2.0],[1.0],[0.0036447480477802196]
6000989540,[263933],[0.8624193858000949],[0.08782048431439324],[0.02357135139564579],[0.023697172192909854],[1.0],[3.0],[0.0044667000719205655]
6000989558,[408994],[0.8769403703478925],[0.2949182649384017],[0.028049179585716524],[0.14536179775405308],[5.0],[6.0],[0.013760641620747997]
6000989587,[515178],[0.844158349635048],[0.16071914144903818],[0.25606447963876366],[0.24278224024706366],[9.0],[3.0],[0.014821062690109842]
6000989600,[15812],[0.7262559469983308],[0.2226687011602563],[0.04525308505666309],[0.030733719390687756],[3.0],[2.0],[0.0011945495229156973]
6000989625,[381285],[0.6762060970447711],[0.26207663773403994],[0.12098260634032003],[0.06379114145279798],[1.0],[1.0],[0.009835282173567758]
6000989662,[],[],[],[],[],[],[],[]
6000989684,[324321],[0.6633527187497992],[0.4038076226627972],[0.08226566703942975],[0.2845179075586823],[1.0],[0.0],[0.01634852317453891]
6000989706,[233329],[1.1275305720927298],[0.1950953175429216],[0.04178373650190976],[0.07372213276697132],[1.0],[2.0],[0.01263681805657959]
6000989711,[228135],[0.8622941655944807],[0.20139866906045698],[0.15190835245770873],[0.16901984814222407],[1.0],[10.0],[0.019281393039369363]
6000989716,[475067],[0.8031039794824303],[0.36620896258285396],[0.003603121520546997],[0.09680488150459443],[1.0],[1.0],[0.011086582322260678]
6000989731,[212174],[1.075627279264066],[0.3919874605724955],[0.021081670286472246],[0.0625669614863022],[1.0],[4.0],[0.0023734258926733877]
6000989910,[],[],[],[],[],[],[],[]
6000990084,[435233],[1.188499485628837],[0.14848779988076113],[0.061146050702431565],[0.025039329725336488],[2.0],[1.0],[0.0011936993236597185]
6000990138,[],[],[],[],[],[],[],[]
6000990146,[155005],[0.7086339721872761],[0.34786062902065257],[0.31941554072360495],[0.143476423290541],[3.0],[5.0],[0.0007321215083868764]
6000990155,[431482],[1.0826642999730896],[0.2615863695202355],[0.4754093495943715],[0.18432674290979972],[9.0],[2.0],[0.003702513939445369]
6000990162,[],[],[],[],[],[],[],[]
6000990168,[253262],[1.1811562156550013],[0.2730939628452917],[0.16496106239053374],[0.03110231841491236],[1.0],[1.0],[0.0036468168415050963]
6000990185,[155005],[0.7194126195261178],[0.1929073920612638],[0.6290419008304533],[0.6859476012765142],[11.0],[3.0],[0.001786368807238133]
6000990191,[],[],[],[],[],[],[],[]
6000990209,[437744],[0.8723244989726818],[0.25122564926334656],[0.020604139691458433],[0.1434503198730548],[2.0],[3.0],[0.003574497228609601]
6000990224,[],[],[],[],[],[],[],[]
6000990236,[361850],[1.0152652916727973],[0.3150193724432895],[0.324166250152745],[0.2881837098949881],[0.0],[2.0],[0.002376438928085505]
6000990256,[],[],[],[],[],[],[],[]
6000990262,[542545],[0.7010059400742701],[0.2767141726423723],[0.13147675195853212],[0.1487207841964986],[3.0],[1.0],[0.0030387885712842002]
6000990294,[],[],[],[],[],[],[],[]
6000990345,[356107],[1.0416373585367957],[0.3196362804286374],[0.06690557582663341],[0.09703223802194313],[1.0],[0.0],[0.005595442409521974]
6000990354,[324321],[0.6349243459109399],[0.23407199868224096],[0.14805189746809502],[0.2488312653524363],[4.0],[3.0],[0.009175705298438187]
6000990369,[484254],[0.8686348193582746],[0.1561814650408677],[0.04145788017867483],[0.08722288931455079],[1.0],[0.0],[0.004860963301653529]
6000990376,[443788],[1.125470405585845],[0.3347628837449758],[0.11922887189089351],[0.07126406076555485],[7.0],[7.0],[0.024352719553156897]
6000990384,[88300],[0.7124539913820895],[0.18989119809426086],[0.12210514861175958],[0.024916463206429314],[9.0],[7.0],[0.006416526839331192]
6000990391,[233329],[0.9064976690341594],[0.1636051720049065],[0.010718301673611475],[0.09131533504838289],[11.0],[0.0],[0.0023048442718939703]
6000990399,[151659],[1.1158804068183887],[0.16480017919321738],[0.0015661425931769283],[0.07323315440867527],[11.0],[12.0],[0.00405822152336358]
6000990407,[218143],[0.9790708016586501],[0.2200873333395026],[0.04343347275099145],[0.033693811913824596],[2.0],[2.0],[0.006269667337234653]
6000990434,[327733],[0.9433259699498929],[0.25384608396098923],[0.12357311579879979],[0.299127282938874],[2.0],[2.0],[0.021203251867822542]
6000990441,[300837],[0.6427661058219599],[0.12462203698672988],[0.0063212122049605786],[0.13746652915774746],[11.0],[2.0],[0.0014413168237074239]
6000990452,[381285],[1.0318083267454177],[0.27291475490931316],[0.12691128087578923],[0.07878635766418632],[11.0],[3.0],[0.015039314128073872]
6000990458,[],[],[],[],[],[],[],[]
6000990464,[218118],[0.8923755200198172],[0.28398364097939005],[0.013910126525109886],[0.0026523564460186186],[2.0],[1.0],[0.0035259334246348067]
6000990470,[420674],[1.080982863537307],[0.22218762909396803],[0.05325364079172602],[0.05211640927079952],[8.0],[7.0],[0.0020305036511564477]
6000990477,[240439],[0.9364472556289538],[0.24902971524480078],[0.039373336710114636],[0.0669123868113606],[10.0],[11.0],[0.003199568893917206]
6000990498,[468050],[0.9762507754926698],[0.2822626692163281],[0.14293276554303422],[0.8367028698307554],[1.0],[5.0],[0.019831522172665327]
6000990643,[431482],[1.1872583331567683],[0.2540606810275569],[0.5998314910367321],[0.45436498826397365],[0.0],[11.0],[0.006281877679716674]
6000990671,[515178],[0.8391032544962187],[0.17240983999715193],[0.07805547678763297],[0.006316414449633396],[12.0],[9.0],[0.003951554237939253]
6000990679,[437117],[0.6764556927304213],[0.1359809315957216],[0.25865273123389876],[0.06522945181250157],[11.0],[1.0],[0.006164265074840831]
6000990703,[69878],[0.726723647565543],[0.39304004335282056],[0.05264195278241161],[0.05817047506548009],[4.0],[7.0],[0.009400384461585656]
6000991113,[69878],[0.6203863187893509],[0.1442492774486161],[0.04765915805971708],[0.081596178446402],[4.0],[9.0],[0.0036728084460718033]
6000991128,[],[],[],[],[],[],[],[]
6000991168,[205226],[1.1760205576056668],[0.25909575357760606],[0.04769528170118472],[0.02506650350274821],[3.0],[3.0],[0.0030215797603750896]
6000991180,[249325],[0.7614070640540074],[0.17662162661670577],[0.01923560861169984],[0.2695226430052985],[2.0],[2.0],[0.0011388981561453054]
6000991186,[23173],[0.7526671399056282],[0.21509538527549393],[0.160016026661781],[0.3374136912081214],[2.0],[3.0],[0.004251451752164376]
6000991207,[304172],[0.955790230323042],[0.14302130581290634],[0.1716012397464664],[0.15964593850156386],[1.0],[0.0],[0.0026384686520549115]
6000991236,[324321],[0.599208567151266],[0.10630435308840298],[0.006189684877695752],[0.05181220346829039],[11.0],[12.0],[0.0008835125093458133]
6000991310,[],[],[],[],[],[],[],[]
6000991335,[69878],[0.7056355807846679],[0.19410232178593906],[0.024250670251945102],[0.014353544698404993],[3.0],[8.0],[0.0068639120381242735]
6000991344,[337740],[1.2050994878937364],[0.22149090991033926],[0.012513110623487575],[0.058846696470217945],[2.0],[2.0],[0.00554164180276295]
6000991354,[],[],[],[],[],[],[],[]
6000991364,[45364],[0.8185820665004583],[0.5690887570719222],[0.26282297599007776],[0.04490786685811186],[2.0],[12.0],[0.014514430067181958]
6000991403,[],[],[],[],[],[],[],[]
6000991420,[324321],[0.5062996785807916],[0.19966720904117866],[0.10357055853836572],[0.0038647090299535856],[6.0],[6.0],[0.003138967019878635]
6000991464,[],[],[],[],[],[],[],[]
6000991477,[279322],[0.752945738214637],[0.24409385360391944],[0.27071236689989214],[0.17462194277377607],[2.0],[1.0],[0.008744626073215215]
6000991786,[218118],[1.090453099963957],[0.3034686932648915],[0.07668880198943345],[0.4006946143981515],[3.0],[0.0],[0.00689638151917441]
6000991803,[110442],[0.837098055290854],[0.1395848829653983],[0.0452250424353687],[0.07202860208237676],[1.0],[11.0],[0.003944317814113706]
6000991821,[277866],[0.6136200014002995],[0.1400188747313991],[0.037994722599814054],[0.06247766653551705],[1.0],[2.0],[0.000261833399976478]
6000991840,[200729],[0.8693047753036405],[0.26947696009610667],[0.03359208361127831],[0.008264992231103578],[7.0],[2.0],[0.00269284175437977]
6000991872,[23173],[0.850377319319366],[0.1865251595082732],[0.04840801714888453],[0.9689679251127552],[0.0],[5.0],[0.00501142708859038]
6000991887,[439301],[0.8741072963083198],[0.20971237993054645],[0.03375172423403417],[0.12531356454790388],[1.0],[3.0],[0.0048281817887515155]
6000991933,[],[],[],[],[],[],[],[]
6000991965,[324321],[0.6118546854991653],[0.15164463633952335],[0.059165013260566494],[0.03253076538912223],[1.0],[0.0],[0.0018918614224379396]
6000991972,[],[],[],[],[],[],[],[]
6000992001,[515178],[0.7778563241631153],[0.19727490165061842],[0.21042799417485183],[0.07884934467289287],[12.0],[4.0],[0.004424112005745054]
6000992877,[301762],[1.0716944718271055],[0.12784369133810225],[0.05149191893078718],[0.09412768843650327],[7.0],[8.0],[0.007945988933284178]
6000993740,[439301],[0.7086776046292219],[0.15896109300528444],[0.002117770786856134],[0.03293694631164443],[4.0],[1.0],[0.0018737716679339642]
6000993749,[253852],[0.607188087751348],[0.1771472980200568],[0.09835228009624093],[0.00801464292808352],[7.0],[0.0],[0.002597988568683252]
6000993767,[69878],[0.6935805480067806],[0.2372566593926298],[0.022752397032705367],[0.04152336983567963],[4.0],[12.0],[0.011091401003746826]
6000994026,[456980],[0.9382858031574411],[0.10387733089372325],[0.035859768448551765],[0.16622856853157428],[2.0],[4.0],[0.00361593954760617]
6000994032,[],[],[],[],[],[],[],[]
6000994049,[226462],[0.7882672390663041],[0.21888488223417069],[0.009571004240723022],[0.05327266615716625],[2.0],[3.0],[0.005686509786993248]
6000994066,[279322],[0.7367709690590761],[0.17912970649616894],[0.3101537475648028],[0.2193079314775061],[10.0],[2.0],[0.011001279941024698]
6000994084,[],[],[],[],[],[],[],[]
6000994134,[485674],[0.6757106797462211],[0.14613552564271662],[0.18721000452074596],[0.05794805455675901],[8.0],[2.0],[0.01054229854871144]
6000994142,[59156],[0.9772180584774974],[0.1874777283333466],[0.05747065953612125],[0.03270578308220622],[3.0],[0.0],[0.005616328761719259]
6000994462,[],[],[],[],[],[],[],[]
6000994478,[439301],[0.8737268830036867],[0.1545004725403036],[0.04716893313041648],[0.062486993535029046],[3.0],[3.0],[0.0030344017127415654]
6000994504,[35769],[0.8152550210312037],[0.3681536498876575],[0.020760017210189816],[0.32655766272450504],[2.0],[4.0],[0.0033073410694444555]
6000994533,[212637],[0.9758184426392981],[0.20039318567266223],[0.020797448982270126],[0.07912262729804016],[2.0],[6.0],[0.0069949641578138655]
6000994550,[224535],[0.8068629738793801],[0.1431142817945993],[0.11684752487293036],[0.20588135919707268],[1.0],[2.0],[0.0043147062817005906]
6000995190,[125602],[1.1424366443398675],[0.38402848574644977],[0.014771809260790303],[0.05929181753368486],[0.0],[2.0],[0.004930560405396552]
6000995249,[240439],[0.9436668869238126],[0.2417488642680455],[0.049220478717563854],[0.11042732482930419],[12.0],[9.0],[0.0023622305951705143]
6000995274,[291145],[0.8164321025485316],[0.236891736196208],[0.05958404237356026],[0.07926607056136158],[3.0],[5.0],[0.0014615711307646182]
6000995289,[15812],[1.002236304383402],[0.249509709890275],[0.3503059911972233],[0.0213833287930855],[4.0],[5.0],[0.012969759909797072]
6000995301,[13761],[0.8105988986770296],[0.23443889107963262],[0.030704666148079526],[0.14221451335518676],[3.0],[6.0],[0.004468435501566046]
6000995332,[],[],[],[],[],[],[],[]
6000995359,[456293],[0.7414818005715477],[0.17401852190680578],[0.048723675717777186],[0.00897085097581631],[5.0],[1.0],[0.005644876154876362]
6000995378,[431482],[0.8297912286786602],[0.2360130538873816],[0.20142438403863958],[0.031804646640733215],[10.0],[0.0],[0.0006581375606161514]
6000995423,[],[],[],[],[],[],[],[]
6000995432,[],[],[],[],[],[],[],[]
6000995454,[541653],[0.6163108441816356],[0.12414898701550661],[0.1759079869019401],[0.004757002452237078],[7.0],[2.0],[0.0015453705355180517]
6000995486,[386007],[0.8502509725392879],[0.13200757630213275],[0.0005724424154120347],[0.11579427417624971],[10.0],[6.0],[0.00392884421811913]
6000995493,[161220],[1.1211928887778275],[0.33541313748058516],[0.3966674480918305],[0.11788657352157207],[4.0],[9.0],[0.0038816172727883097]
6000995498,[126104],[0.8140218565233659],[0.136150155058062],[0.042405675795888484],[0.029186891112121294],[2.0],[2.0],[0.0012153060109879813]
6000995510,[],[],[],[],[],[],[],[]
6000995524,[110442],[0.7345978803952291],[0.3374805968092864],[0.021547444955433575],[0.08191345659034793],[3.0],[0.0],[0.0025362685961346004]
6000995539,[414453],[0.7658017001488647],[0.18739690349039295],[0.04071896220316406],[0.23010554642523254],[11.0],[9.0],[0.011718272092297992]
6000995546,[],[],[],[],[],[],[],[]
6000995562,[207249],[1.015087550909988],[0.38276284701093977],[0.0017536938050261423],[0.2545263835972063],[2.0],[2.0],[0.006535122354134195]
6000996398,[105312],[0.9111939385303734],[0.2813264409071836],[0.5656360796691484],[0.12324444611338055],[4.0],[5.0],[0.006677620788823066]
6000996407,[240439],[1.060312534253133],[0.14945744604669378],[0.015285665551977023],[0.003929187660981462],[3.0],[1.0],[0.0011738135316789163]
6000996430,[433185],[0.6073587694986153],[0.22620561439622244],[0.31886279959158687],[0.15010431062978705],[0.0],[2.0],[0.004092565559226221]
6000996448,[293340],[0.8542971025329291],[0.22721330921739208],[0.03210130108953897],[0.012296091343890434],[3.0],[1.0],[0.00488905310966105]
6000996654,[281716],[0.810602716390524],[0.2051750374761557],[0.09612257054947154],[0.13133918015013873],[0.0],[3.0],[0.002504899501225305]
6000997657,[417947],[0.5027067770991664],[0.16478668933859278],[0.2788543376878324],[0.15521451876273848],[1.0],[7.0],[0.004664096616696236]
6000997673,[356107],[1.093089518060219],[0.26381320715711887],[0.22742780057108328],[0.959832874871114],[1.0],[5.0],[0.02737158227204172]
6000997687,[65333],[0.6767369354582772],[0.1582234222742601],[0.039324520630325155],[0.021441425865147835],[1.0],[1.0],[0.0017384445712196445]
6000997734,[107236],[0.7959981450716593],[0.2297207325757755],[0.08389355481819605],[0.18149053880506155],[2.0],[7.0],[0.00648231313783699]
6000997739,[43442],[0.8067326603249321],[0.15309253858295283],[0.13061377980556604],[0.019258000351556035],[1.0],[3.0],[0.002764301343318185]
6000997755,[277866],[0.6836954166352911],[0.11452936945108436],[0.39179208644590124],[0.25423554268080445],[2.0],[4.0],[0.0031172122825859102]
6000998332,[],[],[],[],[],[],[],[]
6000998350,[542545],[0.7093527301510928],[0.23899850279698867],[0.09970336714263886],[0.3276952917399782],[10.0],[3.0],[0.004037353334552021]
6000998381,[],[],[],[],[],[],[],[]
6000998397,[260950],[0.6584121232094927],[0.24045300627373664],[0.019823528029685854],[0.005121267993721424],[0.0],[2.0],[0.007462289942204366]
6000998427,[128733],[0.5421440823373586],[0.12183147041180141],[0.4087203315506321],[0.18303231525593758],[1.0],[1.0],[0.004135328525967716]
6000998443,[],[],[],[],[],[],[],[]
6000998461,[],[],[],[],[],[],[],[]
6000998488,[],[],[],[],[],[],[],[]
6000998511,[],[],[],[],[],[],[],[]
6000998532,[],[],[],[],[],[],[],[]
6000998562,[281716],[0.6222846758453796],[0.1236814767756386],[0.06837614408970172],[0.018733282093787197],[1.0],[1.0],[0.002338758285523244]
6000998580,[253852],[0.6558279592891247],[0.2696707236558057],[0.08591621122166554],[0.11889735342741509],[4.0],[2.0],[0.002001156982922234]
6000998596,[437117],[0.7304505489146229],[0.10739036379208645],[0.21160130836047883],[0.26796176982097697],[2.0],[9.0],[0.008834504497392696]
6000998645,[267860],[1.0703551400037248],[0.14718608245061518],[0.07087849734978105],[0.23254222850266643],[2.0],[4.0],[0.008736350810173661]
6000998681,[236421],[0.6323477641395466],[0.37191392648060845],[0.12448710651478789],[0.15308606537042266],[11.0],[11.0],[0.001987635960381515]
6000998697,[542545],[0.7208778995703977],[0.24650982050307196],[0.10523773707049351],[0.6927268122365853],[1.0],[7.0],[0.0049419586443626845]
6000998768,[475067],[0.8483975222245419],[0.3233126400643907],[0.19799300200223122],[0.06410748489100163],[2.0],[1.0],[0.006226845938813278]
6000998783,[301762],[0.8018946700460385],[0.2683285252637889],[0.14678546092224895],[0.04255417079216883],[9.0],[7.0],[0.009324500427403503]
6000998795,[43246],[1.1832273851362334],[0.14424033958353352],[0.03295785903948991],[0.09406806267950285],[2.0],[2.0],[0.0034065241257547904]
6000998809,[],[],[],[],[],[],[],[]
6000998819,[236353],[0.9698503314080062],[0.26069467797414864],[0.12100049192157429],[0.058263731760595516],[2.0],[1.0],[0.005575734057723455]
6000998824,[237616],[0.45687490649151247],[0.18463331822182433],[0.1536408835248972],[0.09373023711821377],[1.0],[4.0],[0.002790564271117368]
6000998829,[144326],[0.8623153262573828],[0.12336588341919856],[0.09015605216780027],[0.129642712715802],[10.0],[10.0],[0.0037587247780430794]
6000998838,[45364],[0.5803232564425282],[0.15319164985597497],[0.09365537101683659],[0.19440964936736524],[11.0],[0.0],[0.008170318745492105]
6000998847,[],[],[],[],[],[],[],[]
6000998853,[212637],[1.1484092013243916],[0.18891615925328217],[0.04812399249734994],[0.04262950448071291],[11.0],[11.0],[0.002936932617517922]
6000998866,[56299],[0.9526307758657706],[0.1310825475204373],[0.09458047470862364],[0.06581750064409174],[5.0],[6.0],[0.007489085100943297]
6000998901,[200729],[0.7006167415572548],[0.2293748494881559],[0.05395895770871483],[0.28921681811822936],[6.0],[1.0],[0.009020401931518339]
6000998918,[431482],[0.8153060454792422],[0.16335249922703288],[0.20828518641223367],[0.13273299121917195],[3.0],[1.0],[0.000860682863630565]
6000998925,[414453],[0.9939104329155469],[0.1210569605962472],[0.11834328091633749],[0.17688043281677257],[1.0],[1.0],[0.008142548531308226]
6000998931,[475067],[1.0981641033368184],[0.332450501778929],[0.09191032573166241],[0.20007859740446918],[1.0],[1.0],[0.00827305438866437]
6000998936,[129571],[0.9705941354655006],[0.28374661165668935],[0.07980397455449105],[0.4301389943892657],[1.0],[10.0],[0.05181562263657656]
6000998944,[],[],[],[],[],[],[],[]
6000998972,[21336],[0.837543693261562],[0.27510067492241436],[0.14242389539709133],[0.4333402229656035],[3.0],[6.0],[0.005532652310216249]
6000999003,[129571],[1.1255556923230259],[0.2786055602171355],[0.10130313043559751],[0.0354665556502893],[11.0],[11.0],[0.03375619997280256]
6000999020,[438492],[1.1766894763972244],[0.5316649819177809],[0.1498225734709458],[0.1348482709604986],[2.0],[6.0],[0.008623998145286357]
6000999029,[324321],[0.6809140124200385],[0.10329906576195134],[0.04948986948492267],[0.10716856210343664],[3.0],[2.0],[0.0029631381772973362]
6000999036,[194901],[1.157732119008072],[0.2721196209761597],[0.025411103735616464],[0.4109406414873312],[2.0],[1.0],[0.007576985346229459]
6000999050,[319731],[0.6248459020283958],[0.24477673538522807],[0.1626332175181941],[0.1011540227816862],[0.0],[0.0],[0.015948697392858566]
6000999055,[211085],[1.1589009150888174],[0.13654618772185895],[0.01688295202679797],[0.023380128248158955],[12.0],[11.0],[0.002487049114151485]
6000999072,[59156],[1.0096403646900671],[0.3685712527759336],[0.052026019469033555],[0.19341420573592247],[1.0],[1.0],[0.00897437482574855]
6000999078,[206697],[0.9450705348962326],[0.29675733957519446],[0.6342683408539393],[0.19356478957456094],[0.0],[5.0],[0.034249744213934105]
6000999154,[386648],[1.1859374231192397],[0.16155037755838617],[0.04275051822625431],[0.07559630312284198],[1.0],[7.0],[0.0021801866929749628]
6000999264,[431482],[0.9900033317211666],[0.2181034860296608],[0.2650152262262197],[0.0014082122783355504],[11.0],[1.0],[0.0014563814267163973]
6000999323,[100367],[0.975935362705136],[0.386712820143368],[0.387400637849798],[0.044555492338982323],[9.0],[8.0],[0.002378153014593679]
6000999331,[98895],[1.0620842026542376],[0.38421430270709955],[0.052667888586769344],[0.10804216974002079],[2.0],[0.0],[0.007661119449356501]
6000999353,[],[],[],[],[],[],[],[]
6000999361,[222369],[1.0200983669728132],[0.40315200300702236],[0.04354182156330637],[0.3296410480072434],[4.0],[2.0],[0.00255908518151187]
6000999469,[237616],[0.414681012808909],[0.11876431859714728],[0.12511007793631562],[0.04249690487255697],[6.0],[4.0],[0.0017322898810374742]
6000999489,[],[],[],[],[],[],[],[]
6000999501,[285282],[0.5288888154604949],[0.2094422770544388],[0.05645787412431863],[0.04768952699180432],[3.0],[1.0],[0.0021503764145081295]
6000999517,[],[],[],[],[],[],[],[]
6000999529,[417947],[0.5820315350606198],[0.23910468885921374],[0.28312518394972735],[0.06839879413373266],[2.0],[0.0],[0.004293739821945946]
6000999554,[435233],[1.207168812809889],[0.19864094486080863],[0.06828488000018076],[0.08994395369817038],[3.0],[1.0],[0.0033654834942650593]
6000999572,[],[],[],[],[],[],[],[]
6000999591,[212637],[1.0956453704460207],[0.22820156314118717],[0.03978418184734877],[0.10871264213545925],[2.0],[0.0],[0.004524485403740592]
6000999654,[484554],[0.8053667292177016],[0.17040949956446716],[0.07004671858571158],[0.10683328776160816],[11.0],[9.0],[0.006367715624193872]
6000999675,[],[],[],[],[],[],[],[]
6000999678,[],[],[],[],[],[],[],[]
6000999681,[408994],[0.8068983939397202],[0.14044886271050708],[0.0427550797767102],[0.040480336651210105],[9.0],[1.0],[0.0033269731970008783]
6000999696,[241242],[1.02423484984748],[0.3135974744035109],[0.27563442944062055],[0.13036931683277364],[3.0],[0.0],[0.012545282686714574]
6000999723,[222369],[1.0687400456768648],[0.22014328341556746],[0.2803940507824321],[0.12363338251149115],[0.0],[0.0],[0.0027418298180403337]
6000999736,[187074],[0.7082365351979838],[0.15817038986657672],[0.009503992514863812],[0.034591585533775754],[1.0],[1.0],[0.003264877321210599]
6000999743,[453251],[0.9895693971471986],[0.36518028498118665],[0.003908229089114894],[0.13862756157053163],[5.0],[5.0],[0.0027012045587396514]
6000999857,[279322],[1.022903441769326],[0.7075090730006381],[0.2078320546198693],[0.11935342786011194],[11.0],[1.0],[0.005893115760279161]
6000999867,[277866],[0.8318088831883342],[0.46442505000433837],[0.19667217443945847],[0.03134319230851832],[6.0],[7.0],[0.0009324119102993894]
6000999930,[],[],[],[],[],[],[],[]
6000999937,[279322],[1.0765218954892075],[0.40065982724735294],[0.027985968853043622],[0.1875518951189347],[4.0],[7.0],[0.00350572954913973]
6000999960,[139488],[0.9057954154746046],[0.3936852106468553],[0.012797416947590252],[0.053440901366246886],[3.0],[2.0],[0.00684829656922787]
6000999968,[13761],[0.6872439637572783],[0.23373918920042322],[0.04705759356279708],[0.0332925825500479],[1.0],[2.0],[0.007193972888270953]
6001000044,[269317],[0.5635778591738451],[0.29391605470260096],[0.08762308076877859],[0.0034192946200012784],[0.0],[1.0],[0.0021820242734248855]
6001000126,[],[],[],[],[],[],[],[]
6001000212,[22641],[1.1485110257148334],[0.4151465277054392],[0.5537186031137988],[0.0027728180764301723],[2.0],[4.0],[0.0078614598994705]
6001000220,[59156],[0.9987294164817623],[0.26825376173255044],[0.0824266710450676],[0.002360902840420479],[1.0],[1.0],[0.003022095229946133]
6001000314,[361850],[1.124349179694135],[0.4916447180012805],[0.38895058088292594],[0.5017350427862227],[0.0],[2.0],[0.0030688333835189093]
6001000341,[489708],[0.7457900075603126],[0.3443648951385085],[0.3232335935668858],[0.1987125637175304],[3.0],[5.0],[0.0019767973940861697]
6001000378,[433185],[0.6165314945834385],[0.15967189126419237],[0.49861534598875074],[0.80571204069236],[6.0],[11.0],[0.008108162569090239]
6001000389,[279322],[0.6524371555728565],[0.21099150966958902],[0.3037330113752856],[0.17970732267768677],[10.0],[3.0],[0.012436094330932214]
6001000396,[279322],[1.0176589879274038],[0.27851176922030885],[0.3358732093596928],[0.21165830931424734],[1.0],[2.0],[0.011911518273419209]
6001000403,[431482],[1.0741159939047626],[0.22404055327670044],[0.4840344180555376],[0.39944679899787894],[8.0],[2.0],[0.0036145863648664256]
6001000450,[35310],[0.6297333898596901],[0.1349317249428579],[0.21453035600327175],[0.2014794413324804],[2.0],[1.0],[0.003100348807528316]
6001000531,[98567],[1.2346908433446242],[0.3852544511932596],[0.19613961050374226],[0.372776678425386],[12.0],[1.0],[0.005067724228892252]
6001000570,[303537],[0.982495497950039],[0.492455007325506],[0.07180840003232619],[0.39311415440002406],[7.0],[5.0],[0.0014111855205986813]
6001000588,[151069],[0.8701252278288184],[0.2990579154935206],[0.0024606780621017304],[0.022887045503089388],[3.0],[1.0],[0.005704447899306022]
6001000605,[35769],[0.8522466511647789],[0.17831265132073665],[0.015505112962834227],[0.021192780824116325],[0.0],[3.0],[0.0006484056503459358]
6001000635,[443973],[0.8932220392152709],[0.1713430388276358],[0.43078989483584695],[0.5814153706443305],[0.0],[1.0],[0.00310723232768212]
6001000644,[],[],[],[],[],[],[],[]
6001000657,[],[],[],[],[],[],[],[]
6001000664,[253050],[1.045355259972756],[0.4216992669274432],[0.02839482638999952],[0.6363807596171792],[8.0],[2.0],[0.00504117764077524]
6001000668,[],[],[],[],[],[],[],[]
6001000673,[487330],[0.7102434909727442],[0.4407878654607713],[0.1077155286975729],[0.51160072957128],[9.0],[0.0],[0.040983429479427964]
6001000680,[333378],[0.899787957607996],[0.5380943916968987],[0.12369022621693525],[0.07864389636395584],[1.0],[5.0],[0.0005276028736367821]
6001000688,[475546],[0.7354785882598956],[0.39833386488186995],[0.004081983324179808],[0.5850167841749067],[1.0],[4.0],[0.002347432643187955]
6001000697,[43442],[0.7634565737225195],[0.2061409115227261],[0.0039889488457151515],[0.2232586079416774],[7.0],[5.0],[0.004429243376450391]
6001000731,[386648],[1.2199002512228985],[0.1420920602543217],[0.05039667684888623],[0.02334178632844013],[7.0],[4.0],[0.0014659615651186923]
6001000746,[],[],[],[],[],[],[],[]
6001000771,[279322],[0.7130104705323187],[0.1579927029093637],[0.13705337032659212],[0.19879050159514675],[9.0],[12.0],[0.008248315486137487]
6001000798,[59156],[0.9542960526890324],[0.18879288561351984],[0.18056522024902047],[0.04262722436492122],[1.0],[1.0],[0.005596404051571722]
6001000805,[],[],[],[],[],[],[],[]
6001000893,[534907],[1.1024692614006448],[0.1700108803247425],[0.020151144429369508],[0.06299889403985626],[1.0],[1.0],[0.001404300035772706]
6001000925,[534907],[1.0052164195881448],[0.31049603987248303],[0.11616962669775163],[0.0635586778122066],[5.0],[5.0],[0.00743285629875599]
6001000998,[100367],[0.9557121565625509],[0.33583101885311],[0.14538607502502693],[0.13280585849376889],[12.0],[5.0],[0.0021286018230119537]
6001001065,[253262],[0.8137307939428443],[0.23480267565812912],[0.08384497408883745],[0.0067888622253816245],[2.0],[0.0],[0.0020082883171593517]
6001001096,[],[],[],[],[],[],[],[]
6001001117,[125602],[1.1048683636108008],[0.22671832285086735],[0.04863396539074308],[0.08441597353281721],[1.0],[1.0],[0.00703242913366031]
6001001150,[35769],[0.6295022364772852],[0.18900015422826044],[0.004374598922828979],[0.028646678699662437],[2.0],[2.0],[0.0004256629085483265]
6001001254,[21336],[0.7074237348235675],[0.24407117110644883],[0.058565346165602855],[0.19892821623923101],[3.0],[4.0],[0.002943386549163445]
6001001260,[15812],[0.8162993608551048],[0.2513655463680127],[0.2683235758225014],[0.02793267902029465],[8.0],[0.0],[0.006504301794393572]
6001001281,[512197],[0.7819057899863001],[0.32773329794977213],[0.10384624410257032],[0.5351875307279778],[1.0],[6.0],[0.005129425445022946]
6001001313,[381285],[0.9036214471154137],[0.14009434067272233],[0.12029395970400593],[0.13635866360915058],[0.0],[9.0],[0.005823593858402666]
6001001319,[453251],[0.9431809731765819],[0.27299731851007125],[0.04135636517901216],[0.11489831309376841],[3.0],[4.0],[0.00454644935882338]
6001001348,[130689],[0.9202935923031608],[0.13858983506790562],[0.07227726987109973],[0.26958577008185064],[3.0],[0.0],[0.0040582205823401635]
6001001362,[226439],[0.9987896754529662],[0.15091652562144792],[0.11677595005602112],[0.011655503768555182],[6.0],[12.0],[0.004300997781692479]
6001001379,[361850],[0.9115939718182219],[0.29443777270470456],[0.19263814614451918],[0.21841762464321843],[2.0],[1.0],[0.0016473831023577688]
6001001395,[337740],[1.1219711560049803],[0.1672247736541853],[0.029954467791688193],[0.12504716043725767],[3.0],[2.0],[0.0053260472673512735]
6001001412,[57119],[0.7037431409470374],[0.149028255488416],[0.12413215886489645],[0.06668499964099939],[5.0],[5.0],[0.0031072758732811926]
6001001461,[222369],[1.1146376936492455],[0.16259305408834704],[0.13751852993554092],[0.3253876032023091],[0.0],[0.0],[0.0034025766195492197]
6001001483,[355019],[0.5730045529390636],[0.19287873519516535],[0.08830362421170332],[0.07532278727212574],[0.0],[1.0],[0.0015501807437675484]
6001001595,[207534],[1.0898985928982563],[0.20467117816790534],[0.045599958244623345],[0.050791402851246586],[5.0],[5.0],[0.005893699636395172]
6001001613,[],[],[],[],[],[],[],[]
6001001863,[126104],[0.9963000866062689],[0.13629203837490067],[0.04879567919099943],[0.03116849019772719],[1.0],[0.0],[0.003395792213408229]
6001001895,[222369],[0.8168076022004668],[0.1411124678652214],[0.03298328057561545],[0.006706092085951279],[3.0],[2.0],[0.0017269123700996904]
6001001919,[240439],[1.1124188636872645],[0.22202230922586255],[0.02359791799820119],[0.08230458330142187],[3.0],[4.0],[0.005867342771769537]
6001001944,[453251],[1.085098840007081],[0.6128878879638208],[0.013338403723734458],[0.3925057474748914],[7.0],[8.0],[0.007237097742777064]
6001001951,[151069],[0.8769649767652231],[0.13603445947168216],[0.03019678790139643],[0.015733684219455153],[4.0],[4.0],[0.002198060409359664]
6001002030,[69878],[0.6471896230189433],[0.21442499092933817],[0.025764476298598998],[0.13070061203693573],[3.0],[4.0],[0.005029945391170056]
6001002168,[423028],[0.7086359642401955],[0.30892081898678186],[0.11814248531851074],[0.019772010891403197],[5.0],[3.0],[0.007771587125864032]
6001002176,[480412],[0.6262218774615232],[0.1725535411078464],[0.11100732886903111],[0.08573380547759002],[1.0],[0.0],[0.0022292101520025196]
6001002189,[437744],[0.8644150540779295],[0.25500727228196507],[0.10810028329994893],[0.22742154844583184],[0.0],[3.0],[0.001957297214335705]
6001002208,[479965],[0.6672766658840998],[0.17602207699153882],[0.057567768448365295],[0.26523455295338905],[0.0],[0.0],[0.004321413325933332]
6001002225,[135966],[0.6555213812076877],[0.4522061946767072],[0.12460118331324313],[0.07396060038134619],[5.0],[8.0],[0.007853245887020313]
6001002239,[277866],[0.605285151065126],[0.2896787001647045],[0.24267483305904883],[0.298575140598367],[1.0],[2.0],[0.0020084394762139995]
6001002643,[],[],[],[],[],[],[],[]
6001002660,[279322],[0.7550712458541219],[0.16501780175126557],[0.23312570089731904],[0.16277658809415152],[8.0],[11.0],[0.007315489885291432]
6001002674,[],[],[],[],[],[],[],[]
6001002681,[453251],[0.9523530026619351],[0.2040684632910621],[0.05073411808049779],[0.005027432184927418],[1.0],[2.0],[0.0015931137590892864]
6001002740,[71681],[1.0334149591698738],[0.16103316325446862],[0.08385873203630285],[0.05290009582296445],[11.0],[3.0],[0.00432671284449236]
6001002755,[],[],[],[],[],[],[],[]
6001002768,[],[],[],[],[],[],[],[]
6001002786,[71681],[1.1056206736067182],[0.1822597555503745],[0.01921498131517249],[0.036083997702110175],[3.0],[0.0],[0.004052984732361131]
6001002801,[],[],[],[],[],[],[],[]
6001002808,[],[],[],[],[],[],[],[]
6001002841,[113386],[1.0774325171527164],[0.08506910308727056],[0.0022619148504164047],[0.025710278221444192],[1.0],[1.0],[0.0003271082081997565]
6001002873,[439040],[1.2471091423851066],[0.1200345273959397],[0.01643442338020947],[0.526390683140697],[0.0],[2.0],[0.004561857600864565]
6001988775,[57119],[0.763170923359571],[0.25082408016775987],[0.04847111264718156],[0.08468404776210085],[0.0],[0.0],[0.003845063770612561]
6002010317,[144326],[0.8761154986840763],[0.18000975660964985],[0.04781729802588462],[0.06462891294387138],[2.0],[1.0],[0.0025685204571120677]
6002027007,[57119],[1.101235942777897],[0.29213640170704486],[0.07661909558679321],[0.01812463223968695],[0.0],[2.0],[0.0034097908057533844]
6002036923,[],[],[],[],[],[],[],[]
6003198277,[361850],[1.153856078866283],[0.21547580856189366],[0.3128276095518269],[0.17444262227880838],[1.0],[2.0],[0.0022377009632572028]
6003198278,[301424],[0.8074351983842804],[0.1759667115593423],[0.012539699839114321],[0.128265913356621],[1.0],[2.0],[0.004280738640219693]
6003198279,[],[],[],[],[],[],[],[]
6003258223,[92025],[0.7131578107307428],[0.1628189647688482],[0.037963515529624355],[0.10607563830061946],[3.0],[0.0],[0.0018325720849794384]
6003326927,[534907],[0.9472612170215448],[0.1775790088069064],[0.033954677044635964],[0.11217794106535836],[6.0],[8.0],[0.004822169101146971]
6003360619,[],[],[],[],[],[],[],[]
6003381576,[487596],[1.0035335774512326],[0.17507539661843846],[0.015101930609899249],[0.08386068693178925],[2.0],[0.0],[0.003013605864245182]
6003395331,[425234],[0.6929056197207305],[0.17132491466398037],[0.0006760267596681792],[0.09524379760179777],[0.0],[1.0],[0.003527439581613995]
6003403818,[211085],[1.003356963627308],[0.24259076731400836],[0.049976915782377354],[1.1871892492433527],[1.0],[3.0],[0.007910075045887975]
6003430981,[379140],[0.8011904197343952],[0.27612458684742963],[0.009282915989443759],[0.1744550060439545],[1.0],[1.0],[0.0035843282540245673]
6003442818,[],[],[],[],[],[],[],[]
6003442820,[],[],[],[],[],[],[],[]
6003446341,[],[],[],[],[],[],[],[]
6003454683,[35769],[0.7615993160041591],[0.2940245152928334],[0.15799618145029273],[0.3513190809805173],[1.0],[7.0],[0.0063977872827179465]
6003465926,[205226],[1.1241111507478105],[0.2443712401869993],[0.051148793843806835],[1.1510019709708124],[3.0],[0.0],[0.004725799826204862]
6003465929,[453251],[1.0614799752341664],[0.22834863477441497],[0.03983839611726524],[0.041204345966267986],[1.0],[0.0],[0.003023064422962588]
6003468777,[],[],[],[],[],[],[],[]
6003484559,[],[],[],[],[],[],[],[]
6003491218,[263908],[1.0124628072630126],[0.19347257032455636],[0.0353794906255496],[0.04267194643637293],[8.0],[2.0],[0.003750159739602842]
6003508063,[264151],[1.2202745091591458],[0.14230489573374375],[0.1808104986649685],[0.12243925553421371],[1.0],[3.0],[0.008750397858882483]
6003510053,[512197],[0.656754022255665],[0.22291694164718823],[0.05790682444223577],[0.0004793883591580579],[2.0],[11.0],[0.0006155300057148648]
6003512598,[381285],[1.1262771936365932],[0.259239212075205],[0.2771792599741583],[0.23598767803381876],[10.0],[2.0],[0.02199831718717751]
6003512861,[],[],[],[],[],[],[],[]
6003547689,[327733],[1.1132951343856123],[0.14969012189703576],[0.023454975760594042],[0.10487000377272798],[0.0],[2.0],[0.005062900051141133]
6003553270,[381285],[0.6989140254321418],[0.16173472881446002],[0.028658282529798847],[0.012741704804939068],[11.0],[0.0],[0.0009276245677844815]
6003555476,[173400],[1.0147504009419013],[0.11336855882508365],[0.008109785866798953],[0.03199989285762599],[2.0],[5.0],[0.005671164006763396]
6003557922,[414453],[0.7036554033663296],[0.16309954515385705],[0.041232276203283826],[0.12155641174211416],[1.0],[1.0],[0.010477813356002435]
6003573452,[207291],[1.1556592667478802],[0.6426034812332093],[0.01790120183653765],[0.02433644403609725],[5.0],[0.0],[0.001049288302274988]
6003573453,[443973],[0.9411013722745349],[0.557159433641872],[0.3016241154277875],[0.33991212804180415],[1.0],[3.0],[0.0014588729146370774]
6003577945,[194901],[1.235290683005252],[0.23025152419161424],[0.008873247964420747],[0.25180210903024025],[1.0],[1.0],[0.00862195542148478]
6003609543,[368771],[0.7177069939773583],[0.235038456854181],[0.014252675964025597],[0.18389687514238306],[1.0],[2.0],[0.021905623348086215]
6003650569,[381285],[0.8748764103597905],[0.19508984343067112],[0.2680407265299363],[0.18858602752178732],[2.0],[9.0],[0.014856411707525614]